2024/04/24 12:11:29:170  ---------- INITIALIZING SEB - STARTING SESSION -------------
2024/04/24 12:11:29:170  Safe Exam Browser version 3.3.2 (Build 1490B)
2024/04/24 12:11:29:170  Bundle ID: org.safeexambrowser.SafeExamBrowser, executable: Safe Exam Browser
2024/04/24 12:11:29:170  OS version macOS Version 14.1.2 (Build 23B92)
2024/04/24 12:11:29:170  Local hostname: MacBook-Pro-Malchik
2024/04/24 12:11:29:170  Device name: MacBook Pro — Malchik
2024/04/24 12:11:29:170  User name: prosto
2024/04/24 12:11:29:170  Full user name: prosto_acc
2024/04/24 12:11:29:215  -[NSUserDefaults(SEBEncryptedUserDefaults) valueForDefaultsDomain:key:] addSuiteNamed: com.apple.assistant.support
2024/04/24 12:11:29:224  -[NSUserDefaults(SEBEncryptedUserDefaults) valueForDefaultsDomain:key:] addSuiteNamed: com.apple.speech.recognition.AppleSpeechRecognition.prefs
2024/04/24 12:11:29:240  -[NSUserDefaults(SEBEncryptedUserDefaults) valueForDefaultsDomain:key:] addSuiteNamed: com.apple.touchbar.agent
2024/04/24 12:11:29:241  -[NSUserDefaults(SEBEncryptedUserDefaults) valueForDefaultsDomain:key:] addSuiteNamed: com.apple.touchbar.agent
2024/04/24 12:11:29:248  -[SEBController awakeFromNib]
2024/04/24 12:11:29:248  Running app: loginwindow, bundle ID: com.apple.loginwindow
2024/04/24 12:11:29:248  Running app: universalaccessd, bundle ID: (null)
2024/04/24 12:11:29:248  Running app: CoreServicesUIAgent, bundle ID: com.apple.coreservices.uiagent
2024/04/24 12:11:29:248  Running app: System Settings, bundle ID: com.apple.systempreferences
2024/04/24 12:11:29:248  Running app: Safari, bundle ID: com.apple.Safari
2024/04/24 12:11:29:248  Running app: Dock, bundle ID: com.apple.dock
2024/04/24 12:11:29:248  Running app: WindowManager, bundle ID: com.apple.WindowManager
2024/04/24 12:11:29:248  Running app: SystemUIServer, bundle ID: com.apple.systemuiserver
2024/04/24 12:11:29:248  Running app: Control Centre, bundle ID: com.apple.controlcenter
2024/04/24 12:11:29:248  Running app: Wallpaper, bundle ID: com.apple.wallpaper.agent
2024/04/24 12:11:29:248  Running app: ViewBridgeAuxiliary, bundle ID: com.apple.ViewBridgeAuxiliary
2024/04/24 12:11:29:250  Running app: talagent, bundle ID: com.apple.talagent
2024/04/24 12:11:29:250  Running app: Dock Extra, bundle ID: com.apple.dock.extra
2024/04/24 12:11:29:250  Running app: Appearance (System Settings), bundle ID: com.apple.Appearance-Settings.extension
2024/04/24 12:11:29:250  Running app: Notification Centre, bundle ID: com.apple.notificationcenterui
2024/04/24 12:11:29:250  Running app: Apple ID (System Settings), bundle ID: com.apple.systempreferences.AppleIDSettings
2024/04/24 12:11:29:251  Running app: chronod, bundle ID: com.apple.chronod
2024/04/24 12:11:29:251  Running app: Spotlight, bundle ID: com.apple.Spotlight
2024/04/24 12:11:29:251  Running app: HeadphoneSettingsExtension (System Settings), bundle ID: com.apple.HeadphoneSettings
2024/04/24 12:11:29:251  Running app: CoreLocationAgent, bundle ID: com.apple.CoreLocationAgent
2024/04/24 12:11:29:251  Running app: PowerPreferences (System Settings), bundle ID: com.apple.Battery-Settings.extension
2024/04/24 12:11:29:251  Running app: Family (System Settings), bundle ID: com.apple.Family-Settings.extension
2024/04/24 12:11:29:251  Running app: Wi-Fi, bundle ID: com.apple.wifi.WiFiAgent
2024/04/24 12:11:29:251  Running app: FollowUps (System Settings), bundle ID: com.apple.FollowUpSettings.FollowUpSettingsExtension
2024/04/24 12:11:29:252  Running app: VPN (System Settings), bundle ID: com.apple.NetworkExtensionSettingsUI.NESettingsUIExtension
2024/04/24 12:11:29:252  Running app: EmojiFunctionRowIM, bundle ID: com.apple.inputmethod.EmojiFunctionRowItem
2024/04/24 12:11:29:252  Running app: Classroom (System Settings), bundle ID: com.apple.Classroom-Settings.extension
2024/04/24 12:11:29:252  Running app: UIKitSystem, bundle ID: com.apple.UIKitSystemApp
2024/04/24 12:11:29:252  Running app: Safari Web Content (Prewarmed), bundle ID: com.apple.WebKit.WebContent
2024/04/24 12:11:29:252  Running app: AirPlayUIAgent, bundle ID: com.apple.AirPlayUIAgent
2024/04/24 12:11:29:253  Running app: Siri, bundle ID: com.apple.Siri
2024/04/24 12:11:29:253  Running app: TextInputMenuAgent, bundle ID: com.apple.TextInputMenuAgent
2024/04/24 12:11:29:253  Running app: TextInputSwitcher, bundle ID: com.apple.TextInputSwitcher
2024/04/24 12:11:29:253  Running app: CursorUIViewService, bundle ID: com.apple.TextInputUI.xpc.CursorUIViewService
2024/04/24 12:11:29:253  Running app: coreautha, bundle ID: com.apple.LocalAuthentication.UIAgent
2024/04/24 12:11:29:253  Running app: com.apple.Safari.SandboxBroker (Safari), bundle ID: com.apple.Safari.SandboxBroker
2024/04/24 12:11:29:253  Running app: studentd, bundle ID: com.apple.studentd
2024/04/24 12:11:29:253  Running app: SoftwareUpdateNotificationManager, bundle ID: com.apple.SoftwareUpdateNotificationManager
2024/04/24 12:11:29:253  Running app: SiriNCService, bundle ID: com.apple.SiriNCService
2024/04/24 12:11:29:253  Running app: Keyboard (System Settings), bundle ID: com.apple.Keyboard-Settings.extension
2024/04/24 12:11:29:253  Running app: QuickLookUIService (PID 82256), bundle ID: com.apple.quicklook.QuickLookUIService
2024/04/24 12:11:29:253  Running app: Finder, bundle ID: com.apple.finder
2024/04/24 12:11:29:253  Running app: Control Strip, bundle ID: com.apple.controlstrip
2024/04/24 12:11:29:253  Running app: Single Sign-On, bundle ID: com.apple.AppSSOAgent
2024/04/24 12:11:29:254  Running app: AppSSODaemon, bundle ID: (null)
2024/04/24 12:11:29:254  Running app: Quick Look UI Helper, bundle ID: com.apple.quicklook.ui.helper
2024/04/24 12:11:29:254  Running app: Safe Exam Browser, bundle ID: org.safeexambrowser.SafeExamBrowser
2024/04/24 12:11:29:254  App <NSRunningApplication: 0x600000049580 (org.safeexambrowser.SafeExamBrowser - 82278) LSASN:{hi=0x0;lo=0x848848}> owns menu bar
2024/04/24 12:11:29:267  -[SEBController applicationWillFinishLaunching:]
2024/04/24 12:11:29:272  Installing get URL event handler is not necessary, as running on macOS >= 10.13
2024/04/24 12:11:29:310  launched app localizedName: Safe Exam Browser, bundleID: org.safeexambrowser.SafeExamBrowser executableURL: file:///Applications/Safe%20Exam%20Browser.app/Contents/MacOS/Safe%20Exam%20Browser
2024/04/24 12:11:29:324  -[SEBController application:openURLs:]
2024/04/24 12:11:29:324  -[SEBController application:openFile:] file URL: file:///Volumes/Untitled/SebClientSettings.seb
2024/04/24 12:11:29:328  -[SEBController application:openFile:] Delay opening file file:///Volumes/Untitled/SebClientSettings.seb while starting up.
2024/04/24 12:11:29:328  -[SEBController applicationDidFinishLaunching:]
2024/04/24 12:11:29:329  -[SEBController adjustScreenLocking:] NSApplicationDidChangeScreenParametersNotification sender: NSConcreteNotification 0x600002e12840 {name = NSApplicationDidChangeScreenParametersNotification; object = <NSApplication: 0x155429e90>}
2024/04/24 12:11:29:330  System model ID: MacBookPro17,1
2024/04/24 12:11:29:330  Current Settings: Maximum allowed displays: 1, use built-in display.
2024/04/24 12:11:29:330  Display (null) (ID 1) from vendor 1552 with Resolution 1440.000000 x 900.000000
 is built-in
 is main
 is not mirrored
 is not HW mirrored
 is not always mirrored
2024/04/24 12:11:29:330  Display (null) (ID 1) is claming to be built-in
2024/04/24 12:11:29:330  All available screens: (
    "<NSScreen: 0x600000a0b540>"
)
2024/04/24 12:11:29:330  Use built-in option set, using display with ID 1
2024/04/24 12:11:29:330  Found matching screen (<NSScreen: 0x600000a0b540>) for main display (ID 0)
2024/04/24 12:11:29:330  Move all browser windows to new main screen <NSScreen: 0x600000a0b540>.
2024/04/24 12:11:29:330  -[SEBBrowserController init]
2024/04/24 12:11:29:335  Adjusting screen locking
2024/04/24 12:11:29:336  -[SEBController closeCoveringWindows:]: (null)
2024/04/24 12:11:29:337  orderFront About Window
2024/04/24 12:11:29:338  -[AboutWindowController showAboutWindowForSeconds:] Close About SEB window after a delay of 2 seconds
2024/04/24 12:11:29:338  -[SEBController applicationDidFinishLaunchingProceed] Open file: file:///Volumes/Untitled/SebClientSettings.seb
2024/04/24 12:11:29:338  -[SEBController openFile:] Open file: file:///Volumes/Untitled/SebClientSettings.seb
2024/04/24 12:11:29:338  Open file event: Loading .seb settings file with URL file:///Volumes/Untitled/SebClientSettings.seb
2024/04/24 12:11:29:340  Outer prefix of .seb settings file: pwcc
2024/04/24 12:11:29:365  -[SEBConfigFileManager checkParsedSettingForConfiguringAndStore:]: Checking received settings was successful
2024/04/24 12:11:30:061  Should display dialog SEB Re-Configured
2024/04/24 12:11:30:062  [SEBCryptor updateEncryptedUserDefaults:1, generateNewSalt:0 newChecksum]
2024/04/24 12:11:30:063  Generated BrowserExamKey salt as there was none defined yet.
2024/04/24 12:11:30:100  Settings changed.
2024/04/24 12:11:30:102  Updated ConfigKey.
2024/04/24 12:11:30:140  -[SEBConfigFileManager storeNewSEBSettingsSuccessful:], continue with callback: <SEBController: 0x15521b350> selector: storeNewSEBSettingsSuccessful:
2024/04/24 12:11:30:140  -[SEBController storeNewSEBSettingsSuccessful:], error: (null)
2024/04/24 12:11:30:140  Running on supported macOS version where AAC isn't buggy (or with DNS pre-pinning enabled), may use AAC if allowed in current settings.
2024/04/24 12:11:30:140  Updated _isAACEnabled to 0 (_overrideAAC = 0)
2024/04/24 12:11:30:140  -[SEBController didFinishLaunchingWithSettings]
2024/04/24 12:11:30:140  Running on supported macOS version where AAC isn't buggy (or with DNS pre-pinning enabled), may use AAC if allowed in current settings.
2024/04/24 12:11:30:140  Updated _isAACEnabled to 0 (_overrideAAC = 0)
2024/04/24 12:11:30:140  isAACEnabled = 0
2024/04/24 12:11:30:140  documentController: <NSDocumentController: 0x600003449140> didCloseAll: 1 contextInfo: (null)
2024/04/24 12:11:30:142  -[SEBBrowserController resetBrowser] Cookies, caches and credential stores are being reset when starting new browser session (examSessionClearCookiesOnStart = true)
2024/04/24 12:11:30:142  -[SEBController conditionallyInitSEBWithCallback:selector:]
2024/04/24 12:11:30:142  SEB was started up from this path: /Applications/Safe Exam Browser.app
2024/04/24 12:11:30:142  SEB was started up from an Applications folder.
2024/04/24 12:11:30:286  Started application with bundle ID: com.apple.UserNotificationCenter
2024/04/24 12:11:30:287  isActive property of SEB changed!
2024/04/24 12:11:30:287  Started application with bundle ID: (null)
2024/04/24 12:11:30:288  SEB got active
2024/04/24 12:11:30:297  Created new WKWebViewConfiguration <WKWebViewConfiguration: 0x15524d760; processPool = <WKProcessPool: 0x15607b600; configuration = <_WKProcessPoolConfiguration: 0x600001f710e0>>; preferences = <WKPreferences: 0x600000037580>>
2024/04/24 12:11:30:319  Not terminating instance of WebKit networking process started by SEB
2024/04/24 12:11:30:335  -[SEBBrowserController resetAllCookies] Cookies, caches, credential stores and WKWebsiteDataTypes were reset
2024/04/24 12:11:30:335  -[SEBBrowserController init] Cookies, caches and credential stores have been reset
2024/04/24 12:11:30:336  -[SEBBrowserController resetAllCookies] Cookies, caches, credential stores and WKWebsiteDataTypes were reset
2024/04/24 12:11:30:340  Started application with bundle ID: com.apple.WebKit.WebContent
2024/04/24 12:11:30:372  Default browser user agent string: Mozilla/5.0 (Macintosh; Intel Mac OS X 10_15_7) AppleWebKit/605.1.15 (KHTML, like Gecko) Version/14.0.3 Safari/605.1.15
2024/04/24 12:11:31:273  -[SEBController conditionallyInitSEBProcessesCheckedWithCallback:selector:]
2024/04/24 12:11:31:274  SEB is running on a native system (no VM) gestaltX86AdditionalFeatures = 0
2024/04/24 12:11:31:277  Running on macOS 10.15.4 or newer, may use AAC if allowed in current settings.
2024/04/24 12:11:31:278  Running on supported macOS version where AAC isn't buggy (or with DNS pre-pinning enabled), may use AAC if allowed in current settings.
2024/04/24 12:11:31:278  Updated _isAACEnabled to 0 (_overrideAAC = 0)
2024/04/24 12:11:31:278  _isAACEnabled == true, attempting to close cap (background covering) windows, which might have been open from a previous SEB session.
2024/04/24 12:11:31:278  -[SEBController closeCoveringWindows:]: (null)
2024/04/24 12:11:31:278  isAACEnabled = 0
2024/04/24 12:11:31:278  -[SEBController initSEBProcessesCheckedWithCallback:selector:] callback: <SEBController: 0x15521b350> selector: didFinishLaunchingWithSettingsProcessesChecked
2024/04/24 12:11:31:278  -[SEBController initSEBProcessesCheckedWithCallback:selector:]: isAACEnabled = false, using SEB kiosk mode
2024/04/24 12:11:31:282  System model ID: MacBookPro17,1
2024/04/24 12:11:31:282  Current Settings: Maximum allowed displays: 1, use built-in display.
2024/04/24 12:11:31:282  Display (null) (ID 1) from vendor 1552 with Resolution 1440.000000 x 900.000000
 is built-in
 is main
 is not mirrored
 is not HW mirrored
 is not always mirrored
2024/04/24 12:11:31:282  Display (null) (ID 1) is claming to be built-in
2024/04/24 12:11:31:282  All available screens: (
    "<NSScreen: 0x600000a0b540>"
)
2024/04/24 12:11:31:282  Use built-in option set, using display with ID 1
2024/04/24 12:11:31:282  Found matching screen (<NSScreen: 0x600000a0b540>) for main display (ID 0)
2024/04/24 12:11:31:282  Move all browser windows to new main screen <NSScreen: 0x600000a0b540>.
2024/04/24 12:11:31:312  Terminating TouchBarAgent <NSRunningApplication: 0x600000055700 (com.apple.controlstrip - 82265) LSASN:{hi=0x0;lo=0x843843}>
2024/04/24 12:11:31:314  -[SEBController setElevateWindowLevels]: true
2024/04/24 12:11:31:314  -[SEBController startKioskMode]
2024/04/24 12:11:31:315  startKioskMode switchToApplications 0
2024/04/24 12:11:31:315  -[SEBController startKioskModeThirdPartyAppsAllowed:overrideShowMenuBar:]
2024/04/24 12:11:31:316  NSApp setPresentationOptions: 372
2024/04/24 12:11:31:317  -[SEBController adjustScreenLocking:] NSApplicationDidChangeScreenParametersNotification sender: NSConcreteNotification 0x600002e4a3e0 {name = NSApplicationDidChangeScreenParametersNotification; object = <NSApplication: 0x155429e90>}
2024/04/24 12:11:31:319  System model ID: MacBookPro17,1
2024/04/24 12:11:31:319  Current Settings: Maximum allowed displays: 1, use built-in display.
2024/04/24 12:11:31:319  Display (null) (ID 1) from vendor 1552 with Resolution 1440.000000 x 900.000000
 is built-in
 is main
 is not mirrored
 is not HW mirrored
 is not always mirrored
2024/04/24 12:11:31:319  Display (null) (ID 1) is claming to be built-in
2024/04/24 12:11:31:319  All available screens: (
    "<NSScreen: 0x600000a66b80>"
)
2024/04/24 12:11:31:319  Use built-in option set, using display with ID 1
2024/04/24 12:11:31:319  Found matching screen (<NSScreen: 0x600000a66b80>) for main display (ID 0)
2024/04/24 12:11:31:319  Move all browser windows to new main screen <NSScreen: 0x600000a66b80>.
2024/04/24 12:11:31:319  Adjusting screen locking
2024/04/24 12:11:31:319  -[SEBController closeCoveringWindows:]: (null)
2024/04/24 12:11:31:319  -[SEBController adjustModalAlertWindowLevels:] allowSwitchToThirdPartyApps: 0
2024/04/24 12:11:31:319  About window displayed
2024/04/24 12:11:31:322  SEBController openSEBDock: dock enabled
2024/04/24 12:11:31:322  [SEBDockController init]
2024/04/24 12:11:31:326  [SEBDockController setLeftItems: (
    "<SEBDockItem: 0x600000d46940>"
)]
2024/04/24 12:11:31:326  Dock Item Label View frame size: 150.000000, 27.000000 at origin: 0.000000, -3.000000
2024/04/24 12:11:31:326  Dock Item Label Popover content size: 150.000000, 27.000000
2024/04/24 12:11:31:332  [SEBDockController setRightItems: (
    "<SEBDockItem: 0x600000df8460>",
    "<SEBDockItemBattery: 0x600001169b30>",
    "<SEBDockItem: 0x600000d5e620>",
    "<SEBDockItemTime: 0x6000005500e0>"
)]
2024/04/24 12:11:31:333  [SEBDockController showDock]
2024/04/24 12:11:31:335  -[SEBController coverScreens] Open background windows on all available screens
2024/04/24 12:11:31:335  Screen is active, device description: {
    NSDeviceBitsPerSample = 8;
    NSDeviceColorSpaceName = NSCalibratedRGBColorSpace;
    NSDeviceIsScreen = YES;
    NSDeviceResolution = "NSSize: {144, 144}";
    NSDeviceSize = "NSSize: {1440, 900}";
    NSScreenNumber = 1;
}
2024/04/24 12:11:31:335  Opening background covering window with frame {
    Height = 900;
    Width = 1440;
    X = 0;
    Y = 0;
} and window level 26
2024/04/24 12:11:31:336  Cap window <CapWindowController: 0x600001c50480> init.
2024/04/24 12:11:31:337  -[NSUserDefaults(SEBEncryptedUserDefaults) valueForDefaultsDomain:key:] addSuiteNamed: com.apple.screencapture
2024/04/24 12:11:31:338  Current screencapture location: (null)
2024/04/24 12:11:31:341  There are 535 running BSD processes: 
(
    ControlStrip,
    "com.apple.WebKit.Networking",
    UserNotificationCenter,
    uncd,
    "mdworker_shared",
    "assistant_service",
    ProtectedCloudKeySyncing,
    weatherd,
    "Safe Exam Browser",
    PlugInLibraryService,
    netbiosd,
    QuickLookUIHelper,
    AppSSODaemon,
    AppSSOAgent,
    ManagedClient,
    mdmclient,
    WiFiVelocityAgent,
    MTLCompilerService,
    naturallanguaged,
    AppleSpell,
    CategoriesService,
    QuickLookUIService,
    Finder,
    ReportMemoryException,
    "com.apple.siri.embeddedspeech",
    VTDecoderXPCService,
    "com.apple.audio.SandboxHelper",
    QuickLookSatellite,
    MTLCompilerService,
    MTLCompilerService,
    "com.apple.quicklook.ThumbnailsAgent",
    keyboardservicesd,
    mdwrite,
    "com.apple.audio.ComponentTagHelper",
    PlugInLibraryService,
    "com.apple.Safari.SafeBrowsing.Service",
    devicecheckd,
    XprotectService,
    PlugInLibraryService,
    MTLAssetUpgraderD,
    swcd,
    fskitd,
    "userfs_helper",
    UVFSService,
    userfsd,
    betaenrollmentd,
    homeenergyd,
    metrickitd,
    SiriNCService,
    XProtect,
    photoanalysisd,
    ScopedBookmarkAgent,
    photolibraryd,
    IntelligencePlatformComputeService,
    adprivacyd,
    MessagesActionExtension,
    MailShortcutsExtension,
    SafariLinkExtension,
    CalendarFocusConfigurationExtension,
    extensionkitservice,
    SoftwareUpdateNotificationManager,
    "findmydevice-user-agent",
    CategoriesService,
    siriknowledged,
    "com.apple.sbd",
    XProtectPluginService,
    axassetsd,
    UsageTrackingAgent,
    "diagnostics_agent",
    amsengagementd,
    gamecontrolleragentd,
    sirittsd,
    maild,
    seserviced,
    askpermissiond,
    BiomeAgent,
    ContextStoreAgent,
    remindd,
    amsaccountsd,
    CategoriesService,
    "com.apple.Safari.SandboxBroker",
    CategoriesService,
    CategoriesService,
    mapssyncd,
    neagent,
    findmylocateagent,
    coreautha,
    CursorUIViewService,
    "com.apple.Safari.SearchHelper",
    StocksWidget,
    CalendarWidgetExtension,
    ScreenTimeWidgetExtension,
    WorldClockWidget,
    "com.apple.siri.embeddedspeech",
    WeatherWidget,
    TextInputSwitcher,
    "com.apple.audio.SandboxHelper",
    extensionkitservice,
    itunescloudd,
    ctkahp,
    mediaremoteagent,
    "assistant_cdmd",
    bluetoothuserd,
    icdd,
    SafariLaunchAgent,
    triald,
    CategoriesService,
    corespeechd,
    webprivacyd,
    fmfd,
    networkserviceproxy,
    avconferenced,
    passd,
    iCloudNotificationAgent,
    TextInputMenuAgent,
    Siri,
    AirPlayUIAgent,
    homed,
    contactsd,
    akd,
    "com.apple.FaceTime.FTConversationService",
    imagent,
    StatusKitAgent,
    "com.apple.WebKit.WebContent",
    "knowledge-agent",
    SafariBookmarksSyncAgent,
    UIKitSystem,
    ManagedSettingsAgent,
    studentd,
    followupd,
    "com.apple.Safari.History",
    sharingd,
    "EmojiFunctionRowIM_Extension",
    familycircled,
    ScreenTimeAgent,
    cloudd,
    corespotlightd,
    parsecd,
    commerce,
    localizationswitcherd,
    ReportCrash,
    pbs,
    Spotlight,
    chronod,
    WiFiAgent,
    CallHistoryPluginHelper,
    intelligentroutingd,
    assistantd,
    NotificationCenter,
    suggestd,
    transparencyd,
    CarbonComponentScannerXPC,
    mobiletimerd,
    heard,
    fontworker,
    useractivityd,
    diagnosticextensionsd,
    ndoagent,
    lockdownmoded,
    financed,
    AudioComponentRegistrar,
    sociallayerd,
    "com.apple.dock.extra",
    replayd,
    fontd,
    linkd,
    syncdefaultsd,
    callservicesd,
    VTDecoderXPCService,
    accountsd,
    identityservicesd,
    donotdisturbd,
    AMPDeviceDiscoveryAgent,
    ContinuityCaptureAgent,
    WallpaperVideoExtension,
    tccd,
    extensionkitservice,
    secd,
    bird,
    imklaunchagent,
    CoreLocationAgent,
    ViewBridgeAuxiliary,
    calaccessd,
    iconservicesagent,
    dmd,
    siriactionsd,
    WallpaperAgent,
    routined,
    APFSUserAgent,
    rapportd,
    lockoutagent,
    usernoted,
    nsurlsessiond,
    SystemUIServer,
    ControlCenter,
    talagent,
    CommCenter,
    Dock,
    WindowManager,
    sharedfilelistd,
    usernotificationsd,
    Safari,
    pboard,
    audioaccessoryd,
    UserEventAgent,
    universalaccessd,
    CoreServicesUIAgent,
    fileproviderd,
    fileproviderd,
    loginwindow,
    "com.apple.iCloudHelper",
    mdworker,
    "com.apple.ifdreader",
    lskdd,
    MTLCompilerService,
    PodcastContentService,
    sysdiagnosed,
    trustd,
    trustd,
    trustd,
    trustd,
    trustd,
    trustd,
    trustd,
    distnoted,
    ANEStorageMaintainer,
    XProtect,
    ANEStorageMaintainer,
    "com.apple.CloudPhotosConfiguration",
    "com.apple.BKAgentService",
    GameControllerConfigService,
    "logd_reporter",
    microstackshot,
    "periodic-wrapper",
    "periodic-wrapper",
    dprivacyd,
    griddatad,
    ospredictiond,
    "com.apple.geod",
    ANECompilerService,
    accessoryd,
    StandaloneUpdaterDaemon,
    sharedfilelistd,
    XprotectService,
    "package_script_service",
    "com.apple.siri-distributed-evaluation",
    ReportCrash,
    "STExtractionService.privileged",
    ASConfigurationSubscriber,
    ManagedConfigurationFilesSubscriber,
    ManagementTestSubscriber,
    SoftwareUpdateSubscriber,
    AccountSubscriber,
    PasscodeSettingsSubscriber,
    LegacyProfilesSubscriber,
    ScreenSharingSubscriber,
    InteractiveLegacyProfilesSubscriber,
    installcoordinationd,
    SecuritySubscriber,
    "com.apple.accessibility.mediaaccessibilityd",
    "com.apple.accessibility.mediaaccessibilityd",
    cfprefsd,
    "com.apple.hiservices-xpcservice",
    nsattributedstringagent,
    "com.apple.NRD.UpdateBrainService",
    MTLCompilerService,
    NRDUpdated,
    distnoted,
    remotemanagementd,
    mmaintenanced,
    writeconfig,
    AssetCacheLocatorService,
    "com.apple.DictionaryServiceHelper",
    "com.apple.geod",
    IMDPersistenceAgent,
    ctkd,
    ContextService,
    coreauthd,
    "com.apple.hiservices-xpcservice",
    secinitd,
    containermanagerd,
    secd,
    csnameddatad,
    lsd,
    pkd,
    cfprefsd,
    mdbulkimport,
    distnoted,
    MTLCompilerService,
    MTLCompilerService,
    iconservicesagent,
    distnoted,
    audioanalyticsd,
    audiomxd,
    fairplaydeviceidentityd,
    tzd,
    "com.apple.audio.SandboxHelper",
    containermanagerd,
    mdworker,
    mdworker,
    mdbulkimport,
    containermanagerd,
    csnameddatad,
    lsd,
    pkd,
    cfprefsd,
    mdbulkimport,
    distnoted,
    CrashReporterSupportHelper,
    powerdatad,
    fbahelperd,
    ASPCarryLog,
    "com.apple.StreamingUnzipService.privileged",
    liquiddetectiond,
    "triald_system",
    siriinferenced,
    SubmitDiagInfo,
    spindump,
    ctkahp,
    akd,
    systemstats,
    sysmond,
    "com.apple.hiservices-xpcservice",
    RemotePairingDataVaultHelper,
    remotepairingd,
    nesessionmanager,
    distnoted,
    "online-auth-agent",
    distnoted,
    "com.apple.accessibility.mediaaccessibilityd",
    CVMServer,
    nfcd,
    mdbulkimport,
    "com.apple.AppStoreDaemon.StorePrivilegedTaskService",
    fairplayd,
    aned,
    installd,
    AssetCacheTetheratorService,
    "system_installd",
    cloudd,
    aneuserd,
    distnoted,
    "com.apple.MobileInstallationHelperService",
    appinstalld,
    IOUserBluetoothSerialDriver,
    IOUserBluetoothSerialDriver,
    AssetCache,
    postgres,
    postgres,
    postgres,
    coresymbolicationd,
    postgres,
    postgres,
    wifivelocityd,
    "deleted_helper",
    captiveagent,
    IMDPersistenceAgent,
    ctkd,
    postgres,
    "com.apple.CloudPhotosConfiguration",
    adid,
    suhelperd,
    automountd,
    "com.apple.geod",
    wallpaperexportd,
    idleassetsd,
    ContextService,
    systemsoundserverd,
    nearbyd,
    ctkd,
    XProtectBridgeService,
    awdd,
    coreauthd,
    TrustedPeersHelper,
    gamecontrollerd,
    seld,
    pkd,
    filecoordinationd,
    containermanagerd,
    "com.apple.hiservices-xpcservice",
    secinitd,
    distnoted,
    mobileactivationd,
    csnameddatad,
    findmydeviced,
    lsd,
    corekdld,
    containermanagerd,
    cfprefsd,
    distnoted,
    "securityd_service",
    cfprefsd,
    secinitd,
    coreauthd,
    "com.apple.geod",
    distnoted,
    GSSCred,
    distnoted,
    "com.apple.AccountPolicyHelper",
    "com.apple.MobileSoftwareUpdate.UpdateBrainService",
    wifianalyticsd,
    bootinstalld,
    xpcroleaccountd,
    distnoted,
    "symptomsd-diag",
    rtcreportingd,
    searchpartyd,
    "com.apple.AppleUserHIDDrivers",
    "com.apple.DriverKit-IOUserDockChannelSerial",
    distnoted,
    "com.apple.MobileSoftwareUpdate.CleanupPreparePathService",
    countryd,
    containermanagerd,
    UVCAssistant,
    appleh13camerad,
    ZhuGeService,
    cfprefsd,
    secinitd,
    "com.apple.geod",
    distnoted,
    softwareupdated,
    oahd,
    audioclocksyncd,
    osanalyticshelper,
    "com.apple.audio.DriverHelper",
    mDNSResponderHelper,
    postgres,
    mysqld,
    "com.apple.audio.SandboxHelper",
    AudioComponentRegistrar,
    WiFiCloudAssetsXPCService,
    mDNSResponder,
    gamepolicyd,
    findmybeaconingd,
    WirelessRadioManagerd,
    appleeventsd,
    syspolicyd,
    "com.apple.audio.Core-Audio-Driver-Service.helper",
    wifip2pd,
    storagekitd,
    "securityd_system",
    "com.apple.CodeSigningHelper",
    "mds_stores",
    backupd,
    PerfPowerTelemetryClientRegistrationService,
    usbd,
    "backupd-helper",
    sysextd,
    XProtectPluginService,
    distnoted,
    mobileassetd,
    backgroundtaskmanagementd,
    colorsyncd,
    symptomsd,
    "com.apple.ColorSyncXPCAgent",
    "colorsync.displayservices",
    PlugInLibraryService,
    TouchBarServer,
    cryptexd,
    softwareupdated,
    iconservicesd,
    analyticsd,
    "containermanagerd_system",
    biomed,
    distnoted,
    distnoted,
    nsurlsessiond,
    nehelper,
    secinitd,
    apfsd,
    biometrickitd,
    locationd,
    distnoted,
    trustdFileHelper,
    csnameddatad,
    authd,
    systemstatusd,
    hidd,
    contextstored,
    coreaudiod,
    PowerUIAgent,
    airportd,
    runningboardd,
    coreservicesd,
    distnoted,
    usbmuxd,
    timed,
    lsd,
    aslmanager,
    tccd,
    WindowServer,
    cfprefsd,
    "logd_helper",
    "IOMFB_bics_daemon",
    revisiond,
    coreduetd,
    systemstats,
    dirhelper,
    syslogd,
    endpointsecurityd,
    dasd,
    "com.apple.cmio.registerassistantservice",
    usermanagerd,
    mediaremoted,
    launchservicesd,
    PerfPowerServices,
    mds,
    bluetoothd,
    AppleCredentialManagerDaemon,
    autofsd,
    notifyd,
    opendirectoryd,
    securityd,
    KernelEventAgent,
    corebrightnessd,
    thermalmonitord,
    apsd,
    AirPlayXPCHelper,
    diskarbitrationd,
    sandboxd,
    logind,
    kernelmanagerd,
    smd,
    watchdogd,
    keybagd,
    fseventsd,
    logd,
    UserEventAgent,
    remoted,
    amfid,
    uninstalld,
    powerd,
    configd,
    launchd,
    ""
)
2024/04/24 12:11:31:341  -[SEBController startProcessWatcher]
2024/04/24 12:11:31:341  -[SEBController startWindowWatcher]
2024/04/24 12:11:31:341  -[SEBController didFinishLaunchingWithSettingsProcessesChecked] openMainBrowserWindow
2024/04/24 12:11:31:341  -[SEBController startExamWithFallback:]
2024/04/24 12:11:31:342  NSHTTPCookieAcceptPolicyOnlyFromMainDocumentDomain
2024/04/24 12:11:31:342  Open MainBrowserWindow with browserViewMode: 1
2024/04/24 12:11:31:342  Open MainBrowserWindow with start URL: https://edki.gov.ua/
2024/04/24 12:11:31:348  Successfully terminated application/process: {
    URL = "file:///System/Library/Frameworks/QuickLookUI.framework/Versions/A/Resources/QuickLookUIHelper.app/";
    bundleID = "com.apple.quicklook.ui.helper";
    name = QuickLookUIHelper;
}
2024/04/24 12:11:31:348  Lookup is not allowed in settings: Terminating {
    PID = 82275;
    name = QuickLookUIHelper;
} was successfull (error: (null))
2024/04/24 12:11:31:373  BrowserWindow <SEBBrowserWindow: 0x1553489b0>: Title of current Page: Safe Exam Browser 3.3.2
2024/04/24 12:11:31:374  Opening classic WebView
2024/04/24 12:11:31:393  Default WebPreferences cacheModel: 2
2024/04/24 12:11:31:393  Testing if WebStorageManager respondsToSelector:@selector(_storageDirectoryPath)
2024/04/24 12:11:31:397  -[SEBOSXBrowserController setLevelForBrowserWindow:elevateLevels:] browserWindow: <SEBBrowserWindow: 0x1553489b0> elevateLevels: 1
2024/04/24 12:11:31:401  didStartProvisionalLoadForFrame request URL: https://edki.gov.ua/
2024/04/24 12:11:31:402  Set main browser window: <SEBBrowserWindow: 0x1553489b0>
2024/04/24 12:11:31:405  -[SEBLockedViewController appendErrorString:withTime:configKey:]: Secure session was started
 2024-04-24 12:11:31  
2024/04/24 12:11:33:369  -[SEBLockedViewController addLockedExam:configKey:]: Secure session was started
2024/04/24 12:11:33:370  Started application with bundle ID: com.apple.controlstrip
2024/04/24 12:11:33:390  isActive property of SEB changed!
2024/04/24 12:11:33:390  Regain active status after (null)
2024/04/24 12:11:33:392  Active window: (null)
2024/04/24 12:11:33:392  Regain active status after NSWorkspaceDidActivateApplicationNotification
2024/04/24 12:11:33:393  Active window: (null)
2024/04/24 12:11:33:407  BrowserWindow <SEBBrowserWindow: 0x1553489b0> did become main
2024/04/24 12:11:33:407  Reinforcing the kiosk mode was requested
2024/04/24 12:11:33:407  -[SEBController switchKioskModeAppsAllowed:overrideShowMenuBar:] allowApps: 1 overrideShowMenuBar: 0
2024/04/24 12:11:33:407  -[SEBController startKioskModeThirdPartyAppsAllowed:overrideShowMenuBar:]
2024/04/24 12:11:33:409  NSApp setPresentationOptions: 332
2024/04/24 12:11:33:415  windowDidChangeScreen from previous <NSScreen: 0x600000a66b80> to <NSScreen: 0x600000a591a0>, level 27
2024/04/24 12:11:33:415  -[SEBBrowserWindowController adjustWindowForScreen:moveBack:] newScreen: <NSScreen: 0x600000a591a0> moveBack: 0 (previous screen: <NSScreen: 0x600000a66b80>)
2024/04/24 12:11:33:415  Usable screen frame (considering menu bar & SEB dock): {
    Height = 860;
    Width = 1440;
    X = 0;
    Y = 40;
}
2024/04/24 12:11:33:415  Adjusted window frame for new screen to: {
    Height = 832;
    Width = 1440;
    X = 0;
    Y = 40;
}
2024/04/24 12:11:33:415  Sending notification that main screen changed
2024/04/24 12:11:33:415  [SEBDockController moveDockToScreen: <NSScreen: 0x600000a591a0>]
2024/04/24 12:11:33:415  -[SEBController adjustScreenLocking:] NSApplicationDidChangeScreenParametersNotification sender: NSConcreteNotification 0x600002eb9100 {name = NSApplicationDidChangeScreenParametersNotification; object = <NSApplication: 0x155429e90>}
2024/04/24 12:11:33:416  System model ID: MacBookPro17,1
2024/04/24 12:11:33:416  Current Settings: Maximum allowed displays: 1, use built-in display.
2024/04/24 12:11:33:416  Display (null) (ID 1) from vendor 1552 with Resolution 1440.000000 x 900.000000
 is built-in
 is main
 is not mirrored
 is not HW mirrored
 is not always mirrored
2024/04/24 12:11:33:416  Display (null) (ID 1) is claming to be built-in
2024/04/24 12:11:33:417  All available screens: (
    "<NSScreen: 0x600000a591a0>"
)
2024/04/24 12:11:33:417  Use built-in option set, using display with ID 1
2024/04/24 12:11:33:417  Found matching screen (<NSScreen: 0x600000a591a0>) for main display (ID 0)
2024/04/24 12:11:33:417  Move all browser windows to new main screen <NSScreen: 0x600000a591a0>.
2024/04/24 12:11:33:421  Adjusting screen locking
2024/04/24 12:11:33:421  -[SEBController closeCoveringWindows:]: (
    "<NSWindow: 0x155249ec0>"
)
2024/04/24 12:11:33:421  -[SEBController coverScreens] Open background windows on all available screens
2024/04/24 12:11:33:422  Screen is active, device description: {
    NSDeviceBitsPerSample = 8;
    NSDeviceColorSpaceName = NSCalibratedRGBColorSpace;
    NSDeviceIsScreen = YES;
    NSDeviceResolution = "NSSize: {144, 144}";
    NSDeviceSize = "NSSize: {1440, 900}";
    NSScreenNumber = 1;
}
2024/04/24 12:11:33:422  Opening background covering window with frame {
    Height = 900;
    Width = 1440;
    X = 0;
    Y = 0;
} and window level 0
2024/04/24 12:11:33:435  Cap window <CapWindowController: 0x600001c52d00> init.
2024/04/24 12:11:33:435  [SEBDockController adjustDock]
2024/04/24 12:11:33:436  -[SEBController adjustModalAlertWindowLevels:] allowSwitchToThirdPartyApps: 1
2024/04/24 12:11:33:436  About window displayed
2024/04/24 12:11:33:436  -[SEBController changeWindowLevels:] allowApps: 1
2024/04/24 12:11:33:436  -[SEBOSXBrowserController browserWindowsChangeLevelAllowApps:] allowApps: 1
2024/04/24 12:11:33:436  -[SEBOSXBrowserController setLevelForBrowserWindow:elevateLevels:] browserWindow: <SEBBrowserWindow: 0x1553489b0> elevateLevels: 0
2024/04/24 12:11:33:437  -[SEBController adjustModalAlertWindowLevels:] allowSwitchToThirdPartyApps: 0
2024/04/24 12:11:33:437  About window displayed
2024/04/24 12:11:33:437  -[SEBController closeCoveringWindows:]: (
    "<NSWindow: 0x155238870>"
)
2024/04/24 12:11:33:437  requestedReinforceKioskMode: Reopening cap windows.
2024/04/24 12:11:33:438  -[SEBController coverScreens] Open background windows on all available screens
2024/04/24 12:11:33:439  Screen is active, device description: {
    NSDeviceBitsPerSample = 8;
    NSDeviceColorSpaceName = NSCalibratedRGBColorSpace;
    NSDeviceIsScreen = YES;
    NSDeviceResolution = "NSSize: {144, 144}";
    NSDeviceSize = "NSSize: {1440, 900}";
    NSScreenNumber = 1;
}
2024/04/24 12:11:33:439  Opening background covering window with frame {
    Height = 900;
    Width = 1440;
    X = 0;
    Y = 0;
} and window level 0
2024/04/24 12:11:33:440  Cap window <CapWindowController: 0x600001c72be0> init.
2024/04/24 12:11:33:440  -[SEBController setElevateWindowLevels]: true
2024/04/24 12:11:33:442  -[SEBController switchKioskModeAppsAllowed:overrideShowMenuBar:] allowApps: 0 overrideShowMenuBar: 0
2024/04/24 12:11:33:442  -[SEBController startKioskModeThirdPartyAppsAllowed:overrideShowMenuBar:]
2024/04/24 12:11:33:442  NSApp setPresentationOptions: 372
2024/04/24 12:11:33:442  windowDidChangeScreen from previous <NSScreen: 0x600000a591a0> to <NSScreen: 0x600000a53900>, level 0
2024/04/24 12:11:33:442  -[SEBBrowserWindowController adjustWindowForScreen:moveBack:] newScreen: <NSScreen: 0x600000a53900> moveBack: 0 (previous screen: <NSScreen: 0x600000a591a0>)
2024/04/24 12:11:33:444  Usable screen frame (considering menu bar & SEB dock): {
    Height = 860;
    Width = 1440;
    X = 0;
    Y = 40;
}
2024/04/24 12:11:33:444  Adjusted window frame for new screen to: {
    Height = 860;
    Width = 1440;
    X = 0;
    Y = 40;
}
2024/04/24 12:11:33:444  Sending notification that main screen changed
2024/04/24 12:11:33:444  [SEBDockController moveDockToScreen: <NSScreen: 0x600000a53900>]
2024/04/24 12:11:33:444  -[SEBController adjustScreenLocking:] NSApplicationDidChangeScreenParametersNotification sender: NSConcreteNotification 0x600002e95d40 {name = NSApplicationDidChangeScreenParametersNotification; object = <NSApplication: 0x155429e90>}
2024/04/24 12:11:33:445  System model ID: MacBookPro17,1
2024/04/24 12:11:33:445  Current Settings: Maximum allowed displays: 1, use built-in display.
2024/04/24 12:11:33:445  Display (null) (ID 1) from vendor 1552 with Resolution 1440.000000 x 900.000000
 is built-in
 is main
 is not mirrored
 is not HW mirrored
 is not always mirrored
2024/04/24 12:11:33:445  Display (null) (ID 1) is claming to be built-in
2024/04/24 12:11:33:445  All available screens: (
    "<NSScreen: 0x600000a53900>"
)
2024/04/24 12:11:33:445  Use built-in option set, using display with ID 1
2024/04/24 12:11:33:445  Found matching screen (<NSScreen: 0x600000a53900>) for main display (ID 0)
2024/04/24 12:11:33:445  Move all browser windows to new main screen <NSScreen: 0x600000a53900>.
2024/04/24 12:11:33:445  Adjusting screen locking
2024/04/24 12:11:33:445  -[SEBController closeCoveringWindows:]: (
    "<NSWindow: 0x15524b920>"
)
2024/04/24 12:11:33:446  -[SEBController coverScreens] Open background windows on all available screens
2024/04/24 12:11:33:446  Screen is active, device description: {
    NSDeviceBitsPerSample = 8;
    NSDeviceColorSpaceName = NSCalibratedRGBColorSpace;
    NSDeviceIsScreen = YES;
    NSDeviceResolution = "NSSize: {144, 144}";
    NSDeviceSize = "NSSize: {1440, 900}";
    NSScreenNumber = 1;
}
2024/04/24 12:11:33:446  Opening background covering window with frame {
    Height = 900;
    Width = 1440;
    X = 0;
    Y = 0;
} and window level 26
2024/04/24 12:11:33:447  Cap window <CapWindowController: 0x600001c72b50> init.
2024/04/24 12:11:33:447  [SEBDockController adjustDock]
2024/04/24 12:11:33:447  -[SEBController adjustModalAlertWindowLevels:] allowSwitchToThirdPartyApps: 0
2024/04/24 12:11:33:447  About window displayed
2024/04/24 12:11:33:447  -[SEBController changeWindowLevels:] allowApps: 0
2024/04/24 12:11:33:447  -[SEBOSXBrowserController browserWindowsChangeLevelAllowApps:] allowApps: 0
2024/04/24 12:11:33:447  -[SEBOSXBrowserController setLevelForBrowserWindow:elevateLevels:] browserWindow: <SEBBrowserWindow: 0x1553489b0> elevateLevels: 1
2024/04/24 12:11:33:448  -[SEBController adjustModalAlertWindowLevels:] allowSwitchToThirdPartyApps: 0
2024/04/24 12:11:33:448  About window displayed
2024/04/24 12:11:33:449  BrowserWindow <SEBBrowserWindow: 0x1553489b0> did become key
2024/04/24 12:11:33:449  SEB got active
2024/04/24 12:11:33:451  Attempting to close About Window <AboutWindowController: 0x600000565340>
2024/04/24 12:11:33:460  Application Control Strip with bundle ID com.apple.controlstrip has opened a window with level 1000
2024/04/24 12:11:33:460  Check if application Control Strip (com.apple.controlstrip) is a signed system executable
2024/04/24 12:11:33:460  Evaluating code signature of /System/Library/CoreServices/ControlStrip.app/Contents/MacOS/ControlStrip
2024/04/24 12:11:33:476  Returned from checking code signature of executable /System/Library/CoreServices/ControlStrip.app/Contents/MacOS/ControlStrip with status 0
2024/04/24 12:11:33:476  Code signature of /System/Library/CoreServices/ControlStrip.app/Contents/MacOS/ControlStrip was checked and it positively identifies macOS system software.
2024/04/24 12:11:33:476  Yes, application Control Strip (com.apple.controlstrip) is a signed system executable
2024/04/24 12:11:33:476  Application UserNotificationCenter with bundle ID com.apple.UserNotificationCenter has opened a window with level 1000
2024/04/24 12:11:33:476  Check if application UserNotificationCenter (com.apple.UserNotificationCenter) is a signed system executable
2024/04/24 12:11:33:476  Evaluating code signature of /System/Library/CoreServices/UserNotificationCenter.app/Contents/MacOS/UserNotificationCenter
2024/04/24 12:11:33:480  Returned from checking code signature of executable /System/Library/CoreServices/UserNotificationCenter.app/Contents/MacOS/UserNotificationCenter with status 0
2024/04/24 12:11:33:480  Code signature of /System/Library/CoreServices/UserNotificationCenter.app/Contents/MacOS/UserNotificationCenter was checked and it positively identifies macOS system software.
2024/04/24 12:11:33:480  Yes, application UserNotificationCenter (com.apple.UserNotificationCenter) is a signed system executable
2024/04/24 12:11:33:480  Application Finder with bundle ID com.apple.finder has opened a window with level 102
2024/04/24 12:11:33:480  Application Finder is being force terminated because it displayed a window in the foreground and this might be used for previewing files!
2024/04/24 12:11:33:480  Successfully terminated application/process: {
    URL = "file:///System/Library/CoreServices/Finder.app/";
    bundleID = "com.apple.finder";
    name = Finder;
}
2024/04/24 12:11:33:480  Check if application Finder (com.apple.finder) is a signed system executable
2024/04/24 12:11:33:480  Evaluating code signature of /System/Library/CoreServices/Finder.app/Contents/MacOS/Finder
2024/04/24 12:11:33:553  Returned from checking code signature of executable /System/Library/CoreServices/Finder.app/Contents/MacOS/Finder with status 0
2024/04/24 12:11:33:553  Code signature of /System/Library/CoreServices/Finder.app/Contents/MacOS/Finder was checked and it positively identifies macOS system software.
2024/04/24 12:11:33:553  Yes, application Finder (com.apple.finder) is a signed system executable
2024/04/24 12:11:33:553  Application Window Server with bundle ID (null) has opened a window with level 2147483630
2024/04/24 12:11:33:553  Check if application Window Server ((null)) is a signed system executable
2024/04/24 12:11:33:553  Evaluating code signature of /System/Library/PrivateFrameworks/SkyLight.framework/Versions/A/Resources/WindowServer
2024/04/24 12:11:33:556  Returned from checking code signature of executable /System/Library/PrivateFrameworks/SkyLight.framework/Versions/A/Resources/WindowServer with status 0
2024/04/24 12:11:33:556  Code signature of /System/Library/PrivateFrameworks/SkyLight.framework/Versions/A/Resources/WindowServer was checked and it positively identifies macOS system software.
2024/04/24 12:11:33:556  Yes, application Window Server ((null)) is a signed system executable
2024/04/24 12:11:33:556  Application TextInputSwitcher with bundle ID com.apple.TextInputSwitcher has opened a window with level 2147483628
2024/04/24 12:11:33:556  Check if application TextInputSwitcher (com.apple.TextInputSwitcher) is a signed system executable
2024/04/24 12:11:33:556  Evaluating code signature of /System/Library/CoreServices/TextInputSwitcher.app/Contents/MacOS/TextInputSwitcher
2024/04/24 12:11:33:560  Returned from checking code signature of executable /System/Library/CoreServices/TextInputSwitcher.app/Contents/MacOS/TextInputSwitcher with status 0
2024/04/24 12:11:33:560  Code signature of /System/Library/CoreServices/TextInputSwitcher.app/Contents/MacOS/TextInputSwitcher was checked and it positively identifies macOS system software.
2024/04/24 12:11:33:560  Yes, application TextInputSwitcher (com.apple.TextInputSwitcher) is a signed system executable
2024/04/24 12:11:33:560  Application Notification Centre with bundle ID com.apple.notificationcenterui has opened a window with level 1000
2024/04/24 12:11:33:560  Check if application Notification Centre (com.apple.notificationcenterui) is a signed system executable
2024/04/24 12:11:33:560  Evaluating code signature of /System/Library/CoreServices/NotificationCenter.app/Contents/MacOS/NotificationCenter
2024/04/24 12:11:33:574  Returned from checking code signature of executable /System/Library/CoreServices/NotificationCenter.app/Contents/MacOS/NotificationCenter with status 0
2024/04/24 12:11:33:574  Code signature of /System/Library/CoreServices/NotificationCenter.app/Contents/MacOS/NotificationCenter was checked and it positively identifies macOS system software.
2024/04/24 12:11:33:574  Yes, application Notification Centre (com.apple.notificationcenterui) is a signed system executable
2024/04/24 12:11:33:574  Application loginwindow with bundle ID com.apple.loginwindow has opened a window with level 1000
2024/04/24 12:11:33:574  Check if application loginwindow (com.apple.loginwindow) is a signed system executable
2024/04/24 12:11:33:574  Evaluating code signature of /System/Library/CoreServices/loginwindow.app/Contents/MacOS/loginwindow
2024/04/24 12:11:33:581  Returned from checking code signature of executable /System/Library/CoreServices/loginwindow.app/Contents/MacOS/loginwindow with status 0
2024/04/24 12:11:33:581  Code signature of /System/Library/CoreServices/loginwindow.app/Contents/MacOS/loginwindow was checked and it positively identifies macOS system software.
2024/04/24 12:11:33:581  Yes, application loginwindow (com.apple.loginwindow) is a signed system executable
2024/04/24 12:11:33:588  Started application with bundle ID: com.apple.quicklook.QuickLookUIService
2024/04/24 12:11:33:611  Started application with bundle ID: com.apple.finder
2024/04/24 12:11:33:612  Regain active status after NSWorkspaceDidActivateApplicationNotification
2024/04/24 12:11:33:629  Active window: <SEBBrowserWindow: 0x1553489b0>
2024/04/24 12:11:33:629  isActive property of SEB changed!
2024/04/24 12:11:33:629  Regain active status after (null)
2024/04/24 12:11:33:630  Active window: <SEBBrowserWindow: 0x1553489b0>
2024/04/24 12:11:33:630  BrowserWindow <SEBBrowserWindow: 0x1553489b0> did resign key
2024/04/24 12:11:33:631  Current key window: (null) with title (null)
2024/04/24 12:11:33:631  Regain active status after NSApplicationDidResignActiveNotification
2024/04/24 12:11:33:631  Active window: (null)
2024/04/24 12:11:33:633  BrowserWindow <SEBBrowserWindow: 0x1553489b0> did become main
2024/04/24 12:11:33:633  BrowserWindow <SEBBrowserWindow: 0x1553489b0> did become key
2024/04/24 12:11:33:634  SEB got active
2024/04/24 12:11:33:634  isActive property of SEB changed!
2024/04/24 12:11:33:634  Regain active status after (null)
2024/04/24 12:11:33:635  Active window: <SEBBrowserWindow: 0x1553489b0>
2024/04/24 12:11:33:635  Regain active status after NSWorkspaceDidActivateApplicationNotification
2024/04/24 12:11:33:636  Active window: <SEBBrowserWindow: 0x1553489b0>
2024/04/24 12:11:33:647  launched app localizedName: Finder, bundleID: com.apple.finder executableURL: file:///System/Library/CoreServices/Finder.app/Contents/MacOS/Finder
2024/04/24 12:11:34:021  Did receive title of current Page: Увійдіть або зареєструйтесь | edki
2024/04/24 12:11:34:022  BrowserWindow <SEBBrowserWindow: 0x1553489b0>: Title of current Page: Safe Exam Browser 3.3.2  —  Увійдіть або зареєструйтесь | edki
2024/04/24 12:11:34:157  Regain active status after NSWorkspaceDidUnhideApplicationNotification
2024/04/24 12:11:34:159  Active window: <SEBBrowserWindow: 0x1553489b0>
2024/04/24 12:11:34:626  webView: <SEBWebView: 0x1555204e0> didClearWindowObject: <DOMAbstractView: 0x600002f4c480> forFrame: <WebFrame: 0x600002c69c50>
2024/04/24 12:11:34:813  Started application with bundle ID: com.apple.appkit.xpc.openAndSavePanelService
2024/04/24 12:11:34:970  Started application with bundle ID: com.apple.quicklook.QuickLookUIService
2024/04/24 12:11:35:286  BrowserWindow <SEBBrowserWindow: 0x1553489b0>: Title of current Page: Safe Exam Browser 3.3.2  —  Увійдіть або зареєструйтесь | edki
2024/04/24 12:11:35:370  -[SEBController performAfterStartActions:]
2024/04/24 12:11:35:370  Performing after start actions
2024/04/24 12:11:35:370  Reinforcing the kiosk mode was requested
2024/04/24 12:11:35:370  -[SEBController switchKioskModeAppsAllowed:overrideShowMenuBar:] allowApps: 1 overrideShowMenuBar: 0
2024/04/24 12:11:35:370  -[SEBController startKioskModeThirdPartyAppsAllowed:overrideShowMenuBar:]
2024/04/24 12:11:35:373  NSApp setPresentationOptions: 332
2024/04/24 12:11:35:374  windowDidChangeScreen from previous <NSScreen: 0x600000a53900> to <NSScreen: 0x600000a28ae0>, level 27
2024/04/24 12:11:35:374  -[SEBBrowserWindowController adjustWindowForScreen:moveBack:] newScreen: <NSScreen: 0x600000a28ae0> moveBack: 0 (previous screen: <NSScreen: 0x600000a53900>)
2024/04/24 12:11:35:376  Usable screen frame (considering menu bar & SEB dock): {
    Height = 860;
    Width = 1440;
    X = 0;
    Y = 40;
}
2024/04/24 12:11:35:376  Adjusted window frame for new screen to: {
    Height = 860;
    Width = 1440;
    X = 0;
    Y = 40;
}
2024/04/24 12:11:35:376  Sending notification that main screen changed
2024/04/24 12:11:35:376  [SEBDockController moveDockToScreen: <NSScreen: 0x600000a28ae0>]
2024/04/24 12:11:35:376  -[SEBController adjustScreenLocking:] NSApplicationDidChangeScreenParametersNotification sender: NSConcreteNotification 0x600002f4fc20 {name = NSApplicationDidChangeScreenParametersNotification; object = <NSApplication: 0x155429e90>}
2024/04/24 12:11:35:377  System model ID: MacBookPro17,1
2024/04/24 12:11:35:377  Current Settings: Maximum allowed displays: 1, use built-in display.
2024/04/24 12:11:35:377  Display (null) (ID 1) from vendor 1552 with Resolution 1440.000000 x 900.000000
 is built-in
 is main
 is not mirrored
 is not HW mirrored
 is not always mirrored
2024/04/24 12:11:35:377  Display (null) (ID 1) is claming to be built-in
2024/04/24 12:11:35:377  All available screens: (
    "<NSScreen: 0x600000a28ae0>"
)
2024/04/24 12:11:35:377  Use built-in option set, using display with ID 1
2024/04/24 12:11:35:377  Found matching screen (<NSScreen: 0x600000a28ae0>) for main display (ID 0)
2024/04/24 12:11:35:377  Move all browser windows to new main screen <NSScreen: 0x600000a28ae0>.
2024/04/24 12:11:35:379  Adjusting screen locking
2024/04/24 12:11:35:379  -[SEBController closeCoveringWindows:]: (
    "<NSWindow: 0x155334580>"
)
2024/04/24 12:11:35:379  -[SEBController coverScreens] Open background windows on all available screens
2024/04/24 12:11:35:379  Screen is active, device description: {
    NSDeviceBitsPerSample = 8;
    NSDeviceColorSpaceName = NSCalibratedRGBColorSpace;
    NSDeviceIsScreen = YES;
    NSDeviceResolution = "NSSize: {144, 144}";
    NSDeviceSize = "NSSize: {1440, 900}";
    NSScreenNumber = 1;
}
2024/04/24 12:11:35:379  Opening background covering window with frame {
    Height = 900;
    Width = 1440;
    X = 0;
    Y = 0;
} and window level 0
2024/04/24 12:11:35:381  Cap window <CapWindowController: 0x600001c5f330> init.
2024/04/24 12:11:35:381  [SEBDockController adjustDock]
2024/04/24 12:11:35:382  -[SEBController adjustModalAlertWindowLevels:] allowSwitchToThirdPartyApps: 1
2024/04/24 12:11:35:382  -[SEBController changeWindowLevels:] allowApps: 1
2024/04/24 12:11:35:382  -[SEBOSXBrowserController browserWindowsChangeLevelAllowApps:] allowApps: 1
2024/04/24 12:11:35:382  -[SEBOSXBrowserController setLevelForBrowserWindow:elevateLevels:] browserWindow: <SEBBrowserWindow: 0x1553489b0> elevateLevels: 0
2024/04/24 12:11:35:383  -[SEBController adjustModalAlertWindowLevels:] allowSwitchToThirdPartyApps: 0
2024/04/24 12:11:35:383  -[SEBController closeCoveringWindows:]: (
    "<NSWindow: 0x1552a7430>"
)
2024/04/24 12:11:35:383  requestedReinforceKioskMode: Reopening cap windows.
2024/04/24 12:11:35:384  -[SEBController coverScreens] Open background windows on all available screens
2024/04/24 12:11:35:386  Screen is active, device description: {
    NSDeviceBitsPerSample = 8;
    NSDeviceColorSpaceName = NSCalibratedRGBColorSpace;
    NSDeviceIsScreen = YES;
    NSDeviceResolution = "NSSize: {144, 144}";
    NSDeviceSize = "NSSize: {1440, 900}";
    NSScreenNumber = 1;
}
2024/04/24 12:11:35:386  Opening background covering window with frame {
    Height = 900;
    Width = 1440;
    X = 0;
    Y = 0;
} and window level 0
2024/04/24 12:11:35:387  Cap window <CapWindowController: 0x600001c5d170> init.
2024/04/24 12:11:35:388  -[SEBController setElevateWindowLevels]: true
2024/04/24 12:11:35:389  -[SEBController switchKioskModeAppsAllowed:overrideShowMenuBar:] allowApps: 0 overrideShowMenuBar: 0
2024/04/24 12:11:35:389  -[SEBController startKioskModeThirdPartyAppsAllowed:overrideShowMenuBar:]
2024/04/24 12:11:35:390  NSApp setPresentationOptions: 372
2024/04/24 12:11:35:390  windowDidChangeScreen from previous <NSScreen: 0x600000a28ae0> to <NSScreen: 0x600000a298c0>, level 0
2024/04/24 12:11:35:390  -[SEBBrowserWindowController adjustWindowForScreen:moveBack:] newScreen: <NSScreen: 0x600000a298c0> moveBack: 0 (previous screen: <NSScreen: 0x600000a28ae0>)
2024/04/24 12:11:35:392  Usable screen frame (considering menu bar & SEB dock): {
    Height = 860;
    Width = 1440;
    X = 0;
    Y = 40;
}
2024/04/24 12:11:35:392  Adjusted window frame for new screen to: {
    Height = 860;
    Width = 1440;
    X = 0;
    Y = 40;
}
2024/04/24 12:11:35:392  Sending notification that main screen changed
2024/04/24 12:11:35:392  [SEBDockController moveDockToScreen: <NSScreen: 0x600000a298c0>]
2024/04/24 12:11:35:392  -[SEBController adjustScreenLocking:] NSApplicationDidChangeScreenParametersNotification sender: NSConcreteNotification 0x600002f4d1e0 {name = NSApplicationDidChangeScreenParametersNotification; object = <NSApplication: 0x155429e90>}
2024/04/24 12:11:35:393  System model ID: MacBookPro17,1
2024/04/24 12:11:35:393  Current Settings: Maximum allowed displays: 1, use built-in display.
2024/04/24 12:11:35:393  Display (null) (ID 1) from vendor 1552 with Resolution 1440.000000 x 900.000000
 is built-in
 is main
 is not mirrored
 is not HW mirrored
 is not always mirrored
2024/04/24 12:11:35:393  Display (null) (ID 1) is claming to be built-in
2024/04/24 12:11:35:393  All available screens: (
    "<NSScreen: 0x600000a298c0>"
)
2024/04/24 12:11:35:393  Use built-in option set, using display with ID 1
2024/04/24 12:11:35:393  Found matching screen (<NSScreen: 0x600000a298c0>) for main display (ID 0)
2024/04/24 12:11:35:393  Move all browser windows to new main screen <NSScreen: 0x600000a298c0>.
2024/04/24 12:11:35:394  Adjusting screen locking
2024/04/24 12:11:35:394  -[SEBController closeCoveringWindows:]: (
    "<NSWindow: 0x115251330>"
)
2024/04/24 12:11:35:394  -[SEBController coverScreens] Open background windows on all available screens
2024/04/24 12:11:35:395  Screen is active, device description: {
    NSDeviceBitsPerSample = 8;
    NSDeviceColorSpaceName = NSCalibratedRGBColorSpace;
    NSDeviceIsScreen = YES;
    NSDeviceResolution = "NSSize: {144, 144}";
    NSDeviceSize = "NSSize: {1440, 900}";
    NSScreenNumber = 1;
}
2024/04/24 12:11:35:395  Opening background covering window with frame {
    Height = 900;
    Width = 1440;
    X = 0;
    Y = 0;
} and window level 26
2024/04/24 12:11:35:395  Cap window <CapWindowController: 0x600001c6f180> init.
2024/04/24 12:11:35:396  [SEBDockController adjustDock]
2024/04/24 12:11:35:396  -[SEBController adjustModalAlertWindowLevels:] allowSwitchToThirdPartyApps: 0
2024/04/24 12:11:35:396  -[SEBController changeWindowLevels:] allowApps: 0
2024/04/24 12:11:35:396  -[SEBOSXBrowserController browserWindowsChangeLevelAllowApps:] allowApps: 0
2024/04/24 12:11:35:396  -[SEBOSXBrowserController setLevelForBrowserWindow:elevateLevels:] browserWindow: <SEBBrowserWindow: 0x1553489b0> elevateLevels: 1
2024/04/24 12:11:35:397  -[SEBController adjustModalAlertWindowLevels:] allowSwitchToThirdPartyApps: 0
2024/04/24 12:11:35:403  Adding modal alert window <_NSAlertPanel: 0x11525abc0>
2024/04/24 12:11:35:414  BrowserWindow <SEBBrowserWindow: 0x1553489b0> did resign key
2024/04/24 12:11:35:414  Current key window: <_NSAlertPanel: 0x11525abc0> with title 
2024/04/24 12:11:35:414  Current key window is modal panel: <_NSAlertPanel: 0x11525abc0>
2024/04/24 12:11:37:989  BrowserWindow <SEBBrowserWindow: 0x1553489b0> did become key
2024/04/24 12:11:37:990  All modal alert windows (
    "<_NSAlertPanel: 0x11525abc0>"
)
2024/04/24 12:11:37:990  Removing modal alert window <_NSAlertPanel: 0x11525abc0>
2024/04/24 12:11:37:990  All modal alert windows after removing: (
)
2024/04/24 12:11:39:321  BrowserWindow <SEBBrowserWindow: 0x1553489b0> did resign key
2024/04/24 12:11:39:321  Current key window: <SEBDockWindow: 0x155239190> with title 
2024/04/24 12:11:39:416  -[SEBController requestedQuit:]
2024/04/24 12:11:39:418  -[SEBController requestedQuit:] Displaying quit password alert
2024/04/24 12:11:39:418  -[SEBController showEnterPasswordDialogAttributedText:modalForWindow:windowTitle:] Not showing the dialog on a full screen browser window
2024/04/24 12:11:40:230  Started application with bundle ID: com.apple.DiagnosticsReporter
2024/04/24 12:11:48:964  BrowserWindow <SEBBrowserWindow: 0x1553489b0> did become key
2024/04/24 12:11:48:965  BrowserWindow <SEBBrowserWindow: 0x1553489b0> did become main
2024/04/24 12:11:48:965  All modal alert windows (
    "<NSWindow: 0x15520e8b0>"
)
2024/04/24 12:11:48:965  Removing modal alert window <NSWindow: 0x15520e8b0>
2024/04/24 12:11:48:965  All modal alert windows after removing: (
)
2024/04/24 12:11:48:965  Correct quit password entered
2024/04/24 12:11:48:965  [SEBController quitSEBOrSession]
2024/04/24 12:11:48:976  -[SEBBrowserController resetAllCookies] Cookies, caches, credential stores and WKWebsiteDataTypes were reset
2024/04/24 12:11:48:977  -[SEBController applicationShouldTerminate:]: quttingMyself = true
2024/04/24 12:11:48:978  -[SEBController applicationWillTerminate:]
2024/04/24 12:11:48:979  Stopped media playback in browser window <SEBBrowserWindow: 0x1553489b0> with WebView <SEBAbstractWebView: 0x600000d57a20>
2024/04/24 12:11:48:979  Stopped media playback in browser window <SEBBrowserWindow: 0x1553489b0> with WebView <SEBAbstractWebView: 0x600000d57a20>
2024/04/24 12:11:48:983  BrowserWindow <SEBBrowserWindow: 0x1553489b0> will close
2024/04/24 12:11:48:983  WebView: (null) requests to be closed.
2024/04/24 12:11:48:984  BrowserWindow (null) did resign key
2024/04/24 12:11:48:984  Current key window: (null) with title (null)
2024/04/24 12:11:48:985  -[SEBLockedViewController removeLockedExam:configKey:]: Finished exam 
2024/04/24 12:11:48:985  -[SEBController applicationWillTerminateProceed]
2024/04/24 12:11:48:985  Success of restoring SC: 1
2024/04/24 12:11:48:985  -[SEBController stopWindowWatcher]
2024/04/24 12:11:48:985  -[SEBController stopProcessWatcher]
2024/04/24 12:11:48:985  Returned after stopProcessWatcher
2024/04/24 12:11:48:985  Returned after removeKeyPathObservers
2024/04/24 12:11:48:985  -[SEBController applicationWillTerminateProceed] CFRelease(keyboardEventReturnKey)
2024/04/24 12:11:49:012  Restored system settings. Restoring TouchBar settings (if available) failed
2024/04/24 12:11:49:012  Terminating TouchBarAgent <NSRunningApplication: 0x6000000e4c80 (com.apple.controlstrip - 82288) LSASN:{hi=0x0;lo=0x84d84d}>
2024/04/24 12:11:49:012  These processes were terminated by SEB during this session: {(
    file:///System/Library/Frameworks/QuickLookUI.framework/Versions/A/Resources/QuickLookUIHelper.app/,
    file:///System/Library/CoreServices/Finder.app/
)}
2024/04/24 12:11:49:012  Trying to restart terminated process with bundle URL /System/Library/Frameworks/QuickLookUI.framework/Versions/A/Resources/QuickLookUIHelper.app
2024/04/24 12:11:49:030  Trying to restart terminated process with bundle URL /System/Library/CoreServices/Finder.app
2024/04/24 12:11:49:059  Adding modal alert window <_NSAlertPanel: 0x11529da50>
2024/04/24 12:11:49:094  Regain active status after NSWorkspaceDidActivateApplicationNotification
2024/04/24 12:11:49:095  Active window: (null)
2024/04/24 12:11:49:095  isActive property of SEB changed!
2024/04/24 12:11:49:095  Regain active status after (null)
2024/04/24 12:11:49:096  Active window: (null)
2024/04/24 12:11:49:096  Regain active status after NSWorkspaceDidUnhideApplicationNotification
2024/04/24 12:11:49:097  Active window: (null)
2024/04/24 12:11:49:097  isActive property of SEB changed!
2024/04/24 12:11:49:097  Regain active status after (null)
2024/04/24 12:11:49:098  Active window: (null)
2024/04/24 12:11:49:098  Regain active status after NSWorkspaceDidActivateApplicationNotification
2024/04/24 12:11:49:099  Active window: (null)
2024/04/24 12:11:49:102  Regain active status after NSApplicationDidResignActiveNotification
2024/04/24 12:11:49:103  Active window: (null)
2024/04/24 12:11:49:110  SEB got active
2024/04/24 12:11:50:684  All modal alert windows (
    "<_NSAlertPanel: 0x11529da50>"
)
2024/04/24 12:11:50:684  Removing modal alert window <_NSAlertPanel: 0x11529da50>
2024/04/24 12:11:50:684  All modal alert windows after removing: (
)
2024/04/24 12:11:50:718  ---------- EXITING SEB - ENDING SESSION -------------
2024/04/24 12:11:50:719  -[AboutWindowController windowWillClose:] About SEB window will be closed.
2024/04/24 12:12:05:046  ---------- INITIALIZING SEB - STARTING SESSION -------------
2024/04/24 12:12:05:047  Safe Exam Browser version 3.3.2 (Build 1490B)
2024/04/24 12:12:05:047  Bundle ID: org.safeexambrowser.SafeExamBrowser, executable: Safe Exam Browser
2024/04/24 12:12:05:047  OS version macOS Version 14.1.2 (Build 23B92)
2024/04/24 12:12:05:047  Local hostname: MacBook-Pro-Malchik
2024/04/24 12:12:05:047  Device name: MacBook Pro — Malchik
2024/04/24 12:12:05:047  User name: prosto
2024/04/24 12:12:05:047  Full user name: prosto_acc
2024/04/24 12:12:05:091  -[NSUserDefaults(SEBEncryptedUserDefaults) valueForDefaultsDomain:key:] addSuiteNamed: com.apple.assistant.support
2024/04/24 12:12:05:099  -[NSUserDefaults(SEBEncryptedUserDefaults) valueForDefaultsDomain:key:] addSuiteNamed: com.apple.speech.recognition.AppleSpeechRecognition.prefs
2024/04/24 12:12:05:116  -[NSUserDefaults(SEBEncryptedUserDefaults) valueForDefaultsDomain:key:] addSuiteNamed: com.apple.touchbar.agent
2024/04/24 12:12:05:116  -[NSUserDefaults(SEBEncryptedUserDefaults) valueForDefaultsDomain:key:] addSuiteNamed: com.apple.touchbar.agent
2024/04/24 12:12:05:135  -[SEBController awakeFromNib]
2024/04/24 12:12:05:135  Running app: loginwindow, bundle ID: com.apple.loginwindow
2024/04/24 12:12:05:135  Running app: universalaccessd, bundle ID: (null)
2024/04/24 12:12:05:135  Running app: CoreServicesUIAgent, bundle ID: com.apple.coreservices.uiagent
2024/04/24 12:12:05:135  Running app: Safari, bundle ID: com.apple.Safari
2024/04/24 12:12:05:135  Running app: Dock, bundle ID: com.apple.dock
2024/04/24 12:12:05:135  Running app: WindowManager, bundle ID: com.apple.WindowManager
2024/04/24 12:12:05:135  Running app: SystemUIServer, bundle ID: com.apple.systemuiserver
2024/04/24 12:12:05:136  Running app: Control Centre, bundle ID: com.apple.controlcenter
2024/04/24 12:12:05:136  Running app: Wallpaper, bundle ID: com.apple.wallpaper.agent
2024/04/24 12:12:05:136  Running app: ViewBridgeAuxiliary, bundle ID: com.apple.ViewBridgeAuxiliary
2024/04/24 12:12:05:136  Running app: talagent, bundle ID: com.apple.talagent
2024/04/24 12:12:05:136  Running app: Dock Extra, bundle ID: com.apple.dock.extra
2024/04/24 12:12:05:136  Running app: Notification Centre, bundle ID: com.apple.notificationcenterui
2024/04/24 12:12:05:136  Running app: chronod, bundle ID: com.apple.chronod
2024/04/24 12:12:05:136  Running app: Spotlight, bundle ID: com.apple.Spotlight
2024/04/24 12:12:05:136  Running app: CoreLocationAgent, bundle ID: com.apple.CoreLocationAgent
2024/04/24 12:12:05:136  Running app: Wi-Fi, bundle ID: com.apple.wifi.WiFiAgent
2024/04/24 12:12:05:136  Running app: EmojiFunctionRowIM, bundle ID: com.apple.inputmethod.EmojiFunctionRowItem
2024/04/24 12:12:05:136  Running app: UIKitSystem, bundle ID: com.apple.UIKitSystemApp
2024/04/24 12:12:05:137  Running app: Safari Web Content (Prewarmed), bundle ID: com.apple.WebKit.WebContent
2024/04/24 12:12:05:137  Running app: AirPlayUIAgent, bundle ID: com.apple.AirPlayUIAgent
2024/04/24 12:12:05:137  Running app: Siri, bundle ID: com.apple.Siri
2024/04/24 12:12:05:137  Running app: TextInputMenuAgent, bundle ID: com.apple.TextInputMenuAgent
2024/04/24 12:12:05:137  Running app: TextInputSwitcher, bundle ID: com.apple.TextInputSwitcher
2024/04/24 12:12:05:137  Running app: CursorUIViewService, bundle ID: com.apple.TextInputUI.xpc.CursorUIViewService
2024/04/24 12:12:05:137  Running app: coreautha, bundle ID: com.apple.LocalAuthentication.UIAgent
2024/04/24 12:12:05:137  Running app: com.apple.Safari.SandboxBroker (Safari), bundle ID: com.apple.Safari.SandboxBroker
2024/04/24 12:12:05:137  Running app: studentd, bundle ID: com.apple.studentd
2024/04/24 12:12:05:137  Running app: SoftwareUpdateNotificationManager, bundle ID: com.apple.SoftwareUpdateNotificationManager
2024/04/24 12:12:05:137  Running app: SiriNCService, bundle ID: com.apple.SiriNCService
2024/04/24 12:12:05:137  Running app: Single Sign-On, bundle ID: com.apple.AppSSOAgent
2024/04/24 12:12:05:137  Running app: AppSSODaemon, bundle ID: (null)
2024/04/24 12:12:05:138  Running app: UserNotificationCenter, bundle ID: com.apple.UserNotificationCenter
2024/04/24 12:12:05:138  Running app: QuickLookUIService (PID 82289), bundle ID: com.apple.quicklook.QuickLookUIService
2024/04/24 12:12:05:138  Running app: Finder, bundle ID: com.apple.finder
2024/04/24 12:12:05:138  Running app: Control Strip, bundle ID: com.apple.controlstrip
2024/04/24 12:12:05:138  Running app: Safe Exam Browser, bundle ID: org.safeexambrowser.SafeExamBrowser
2024/04/24 12:12:05:138  App <NSRunningApplication: 0x600002073300 (org.safeexambrowser.SafeExamBrowser - 82325) LSASN:{hi=0x0;lo=0x860860}> owns menu bar
2024/04/24 12:12:05:144  -[SEBController applicationWillFinishLaunching:]
2024/04/24 12:12:05:147  Installing get URL event handler is not necessary, as running on macOS >= 10.13
2024/04/24 12:12:05:177  launched app localizedName: Safe Exam Browser, bundleID: org.safeexambrowser.SafeExamBrowser executableURL: file:///Applications/Safe%20Exam%20Browser.app/Contents/MacOS/Safe%20Exam%20Browser
2024/04/24 12:12:05:179  Invoked applicationShouldOpenUntitledFile with answer NO!
2024/04/24 12:12:05:179  -[SEBController applicationDidFinishLaunching:]
2024/04/24 12:12:05:180  -[SEBController adjustScreenLocking:] NSApplicationDidChangeScreenParametersNotification sender: NSConcreteNotification 0x600000e5eae0 {name = NSApplicationDidChangeScreenParametersNotification; object = <NSApplication: 0x157a211f0>}
2024/04/24 12:12:05:184  System model ID: MacBookPro17,1
2024/04/24 12:12:05:184  Current Settings: Maximum allowed displays: 1, use built-in display.
2024/04/24 12:12:05:184  Display (null) (ID 1) from vendor 1552 with Resolution 1440.000000 x 900.000000
 is built-in
 is main
 is not mirrored
 is not HW mirrored
 is not always mirrored
2024/04/24 12:12:05:184  Display (null) (ID 1) is claming to be built-in
2024/04/24 12:12:05:184  All available screens: (
    "<NSScreen: 0x600002a54ae0>"
)
2024/04/24 12:12:05:184  Use built-in option set, using display with ID 1
2024/04/24 12:12:05:184  Found matching screen (<NSScreen: 0x600002a54ae0>) for main display (ID 0)
2024/04/24 12:12:05:184  Move all browser windows to new main screen <NSScreen: 0x600002a54ae0>.
2024/04/24 12:12:05:184  -[SEBBrowserController init]
2024/04/24 12:12:05:188  Adjusting screen locking
2024/04/24 12:12:05:188  -[SEBController closeCoveringWindows:]: (null)
2024/04/24 12:12:05:190  orderFront About Window
2024/04/24 12:12:05:191  -[AboutWindowController showAboutWindowForSeconds:] Close About SEB window after a delay of 2 seconds
2024/04/24 12:12:05:191  -[SEBController didFinishLaunchingWithSettings]
2024/04/24 12:12:05:191  Running on supported macOS version where AAC isn't buggy (or with DNS pre-pinning enabled), may use AAC if allowed in current settings.
2024/04/24 12:12:05:191  Updated _isAACEnabled to 0 (_overrideAAC = 0)
2024/04/24 12:12:05:191  isAACEnabled = 0
2024/04/24 12:12:05:191  documentController: <NSDocumentController: 0x600001becb00> didCloseAll: 1 contextInfo: (null)
2024/04/24 12:12:05:193  -[SEBBrowserController resetBrowser] Cookies, caches and credential stores are being reset when starting new browser session (examSessionClearCookiesOnStart = true)
2024/04/24 12:12:05:193  -[SEBController conditionallyInitSEBWithCallback:selector:]
2024/04/24 12:12:05:193  SEB was started up from this path: /Applications/Safe Exam Browser.app
2024/04/24 12:12:05:193  SEB was started up from an Applications folder.
2024/04/24 12:12:05:320  SEB got active
2024/04/24 12:12:05:328  Created new WKWebViewConfiguration <WKWebViewConfiguration: 0x1065118d0; processPool = <WKProcessPool: 0x136018400; configuration = <_WKProcessPoolConfiguration: 0x600003f2c280>>; preferences = <WKPreferences: 0x60000202e500>>
2024/04/24 12:12:05:347  Not terminating instance of WebKit networking process started by SEB
2024/04/24 12:12:05:364  -[SEBBrowserController resetAllCookies] Cookies, caches, credential stores and WKWebsiteDataTypes were reset
2024/04/24 12:12:05:364  -[SEBBrowserController init] Cookies, caches and credential stores have been reset
2024/04/24 12:12:05:365  -[SEBBrowserController resetAllCookies] Cookies, caches, credential stores and WKWebsiteDataTypes were reset
2024/04/24 12:12:05:370  Started application with bundle ID: com.apple.WebKit.WebContent
2024/04/24 12:12:05:437  Default browser user agent string: Mozilla/5.0 (Macintosh; Intel Mac OS X 10_15_7) AppleWebKit/605.1.15 (KHTML, like Gecko) Version/14.0.3 Safari/605.1.15
2024/04/24 12:12:06:292  -[SEBController conditionallyInitSEBProcessesCheckedWithCallback:selector:]
2024/04/24 12:12:06:293  SEB is running on a native system (no VM) gestaltX86AdditionalFeatures = 0
2024/04/24 12:12:06:296  Running on macOS 10.15.4 or newer, may use AAC if allowed in current settings.
2024/04/24 12:12:06:297  Running on supported macOS version where AAC isn't buggy (or with DNS pre-pinning enabled), may use AAC if allowed in current settings.
2024/04/24 12:12:06:297  Updated _isAACEnabled to 0 (_overrideAAC = 0)
2024/04/24 12:12:06:297  _isAACEnabled == true, attempting to close cap (background covering) windows, which might have been open from a previous SEB session.
2024/04/24 12:12:06:297  -[SEBController closeCoveringWindows:]: (null)
2024/04/24 12:12:06:297  isAACEnabled = 0
2024/04/24 12:12:06:297  -[SEBController initSEBProcessesCheckedWithCallback:selector:] callback: <SEBController: 0x157a396d0> selector: didFinishLaunchingWithSettingsProcessesChecked
2024/04/24 12:12:06:297  -[SEBController initSEBProcessesCheckedWithCallback:selector:]: isAACEnabled = false, using SEB kiosk mode
2024/04/24 12:12:06:301  System model ID: MacBookPro17,1
2024/04/24 12:12:06:301  Current Settings: Maximum allowed displays: 1, use built-in display.
2024/04/24 12:12:06:301  Display (null) (ID 1) from vendor 1552 with Resolution 1440.000000 x 900.000000
 is built-in
 is main
 is not mirrored
 is not HW mirrored
 is not always mirrored
2024/04/24 12:12:06:301  Display (null) (ID 1) is claming to be built-in
2024/04/24 12:12:06:301  All available screens: (
    "<NSScreen: 0x600002a54ae0>"
)
2024/04/24 12:12:06:301  Use built-in option set, using display with ID 1
2024/04/24 12:12:06:301  Found matching screen (<NSScreen: 0x600002a54ae0>) for main display (ID 0)
2024/04/24 12:12:06:301  Move all browser windows to new main screen <NSScreen: 0x600002a54ae0>.
2024/04/24 12:12:06:306  Terminating TouchBarAgent <NSRunningApplication: 0x60000207bd00 (com.apple.controlstrip - 82306) LSASN:{hi=0x0;lo=0x854854}>
2024/04/24 12:12:06:308  -[SEBController setElevateWindowLevels]: true
2024/04/24 12:12:06:309  -[SEBController startKioskMode]
2024/04/24 12:12:06:311  startKioskMode switchToApplications 0
2024/04/24 12:12:06:311  -[SEBController startKioskModeThirdPartyAppsAllowed:overrideShowMenuBar:]
2024/04/24 12:12:06:312  NSApp setPresentationOptions: 372
2024/04/24 12:12:06:315  -[SEBController adjustScreenLocking:] NSApplicationDidChangeScreenParametersNotification sender: NSConcreteNotification 0x600000e8ecc0 {name = NSApplicationDidChangeScreenParametersNotification; object = <NSApplication: 0x157a211f0>}
2024/04/24 12:12:06:317  System model ID: MacBookPro17,1
2024/04/24 12:12:06:317  Current Settings: Maximum allowed displays: 1, use built-in display.
2024/04/24 12:12:06:317  Display (null) (ID 1) from vendor 1552 with Resolution 1440.000000 x 900.000000
 is built-in
 is main
 is not mirrored
 is not HW mirrored
 is not always mirrored
2024/04/24 12:12:06:317  Display (null) (ID 1) is claming to be built-in
2024/04/24 12:12:06:317  All available screens: (
    "<NSScreen: 0x600002a6c7e0>"
)
2024/04/24 12:12:06:317  Use built-in option set, using display with ID 1
2024/04/24 12:12:06:317  Found matching screen (<NSScreen: 0x600002a6c7e0>) for main display (ID 0)
2024/04/24 12:12:06:317  Move all browser windows to new main screen <NSScreen: 0x600002a6c7e0>.
2024/04/24 12:12:06:320  Adjusting screen locking
2024/04/24 12:12:06:320  -[SEBController closeCoveringWindows:]: (null)
2024/04/24 12:12:06:320  -[SEBController adjustModalAlertWindowLevels:] allowSwitchToThirdPartyApps: 0
2024/04/24 12:12:06:320  About window displayed
2024/04/24 12:12:06:323  SEBController openSEBDock: dock enabled
2024/04/24 12:12:06:323  [SEBDockController init]
2024/04/24 12:12:06:328  [SEBDockController setLeftItems: (
    "<SEBDockItem: 0x600002d2f9d0>"
)]
2024/04/24 12:12:06:329  Dock Item Label View frame size: 150.000000, 27.000000 at origin: 0.000000, -3.000000
2024/04/24 12:12:06:329  Dock Item Label Popover content size: 150.000000, 27.000000
2024/04/24 12:12:06:336  [SEBDockController setRightItems: (
    "<SEBDockItem: 0x600002d277f0>",
    "<SEBDockItemBattery: 0x600003120e10>",
    "<SEBDockItem: 0x600002d1e2b0>",
    "<SEBDockItemTime: 0x600002585570>"
)]
2024/04/24 12:12:06:338  [SEBDockController showDock]
2024/04/24 12:12:06:342  -[SEBController coverScreens] Open background windows on all available screens
2024/04/24 12:12:06:342  Screen is active, device description: {
    NSDeviceBitsPerSample = 8;
    NSDeviceColorSpaceName = NSCalibratedRGBColorSpace;
    NSDeviceIsScreen = YES;
    NSDeviceResolution = "NSSize: {144, 144}";
    NSDeviceSize = "NSSize: {1440, 900}";
    NSScreenNumber = 1;
}
2024/04/24 12:12:06:342  Opening background covering window with frame {
    Height = 900;
    Width = 1440;
    X = 0;
    Y = 0;
} and window level 26
2024/04/24 12:12:06:344  Cap window <CapWindowController: 0x600003c1aa30> init.
2024/04/24 12:12:06:344  -[NSUserDefaults(SEBEncryptedUserDefaults) valueForDefaultsDomain:key:] addSuiteNamed: com.apple.screencapture
2024/04/24 12:12:06:346  Current screencapture location: (null)
2024/04/24 12:12:06:349  There are 540 running BSD processes: 
(
    ControlStrip,
    "com.apple.WebKit.Networking",
    "Safe Exam Browser",
    PlugInLibraryService,
    DiskUnmountWatcher,
    USBAgent,
    ManagedClient,
    biomesyncd,
    cdpd,
    PasswordBreachAgent,
    dataaccessd,
    appleaccountd,
    "mdworker_shared",
    CategoriesService,
    QuickLookUIService,
    Finder,
    UserNotificationCenter,
    "mdworker_shared",
    "assistant_service",
    ProtectedCloudKeySyncing,
    weatherd,
    netbiosd,
    AppSSODaemon,
    AppSSOAgent,
    mdmclient,
    WiFiVelocityAgent,
    MTLCompilerService,
    naturallanguaged,
    AppleSpell,
    ReportMemoryException,
    "com.apple.siri.embeddedspeech",
    VTDecoderXPCService,
    "com.apple.audio.SandboxHelper",
    QuickLookSatellite,
    MTLCompilerService,
    MTLCompilerService,
    "com.apple.quicklook.ThumbnailsAgent",
    keyboardservicesd,
    mdwrite,
    "com.apple.audio.ComponentTagHelper",
    PlugInLibraryService,
    "com.apple.Safari.SafeBrowsing.Service",
    devicecheckd,
    XprotectService,
    PlugInLibraryService,
    MTLAssetUpgraderD,
    swcd,
    fskitd,
    "userfs_helper",
    userfsd,
    betaenrollmentd,
    homeenergyd,
    metrickitd,
    SiriNCService,
    XProtect,
    photoanalysisd,
    ScopedBookmarkAgent,
    photolibraryd,
    IntelligencePlatformComputeService,
    adprivacyd,
    MessagesActionExtension,
    MailShortcutsExtension,
    SafariLinkExtension,
    CalendarFocusConfigurationExtension,
    extensionkitservice,
    SoftwareUpdateNotificationManager,
    "findmydevice-user-agent",
    CategoriesService,
    siriknowledged,
    "com.apple.sbd",
    XProtectPluginService,
    axassetsd,
    UsageTrackingAgent,
    "diagnostics_agent",
    amsengagementd,
    gamecontrolleragentd,
    sirittsd,
    maild,
    seserviced,
    askpermissiond,
    BiomeAgent,
    ContextStoreAgent,
    remindd,
    amsaccountsd,
    CategoriesService,
    "com.apple.Safari.SandboxBroker",
    CategoriesService,
    CategoriesService,
    mapssyncd,
    neagent,
    findmylocateagent,
    coreautha,
    CursorUIViewService,
    "com.apple.Safari.SearchHelper",
    StocksWidget,
    CalendarWidgetExtension,
    ScreenTimeWidgetExtension,
    WorldClockWidget,
    "com.apple.siri.embeddedspeech",
    WeatherWidget,
    TextInputSwitcher,
    "com.apple.audio.SandboxHelper",
    extensionkitservice,
    itunescloudd,
    ctkahp,
    mediaremoteagent,
    "assistant_cdmd",
    bluetoothuserd,
    icdd,
    SafariLaunchAgent,
    triald,
    CategoriesService,
    corespeechd,
    webprivacyd,
    fmfd,
    networkserviceproxy,
    avconferenced,
    passd,
    iCloudNotificationAgent,
    TextInputMenuAgent,
    Siri,
    AirPlayUIAgent,
    homed,
    contactsd,
    akd,
    "com.apple.FaceTime.FTConversationService",
    imagent,
    StatusKitAgent,
    "com.apple.WebKit.WebContent",
    "knowledge-agent",
    SafariBookmarksSyncAgent,
    UIKitSystem,
    ManagedSettingsAgent,
    studentd,
    followupd,
    "com.apple.Safari.History",
    sharingd,
    "EmojiFunctionRowIM_Extension",
    familycircled,
    ScreenTimeAgent,
    cloudd,
    corespotlightd,
    parsecd,
    commerce,
    localizationswitcherd,
    ReportCrash,
    pbs,
    Spotlight,
    chronod,
    WiFiAgent,
    CallHistoryPluginHelper,
    intelligentroutingd,
    assistantd,
    NotificationCenter,
    suggestd,
    transparencyd,
    CarbonComponentScannerXPC,
    mobiletimerd,
    heard,
    fontworker,
    useractivityd,
    diagnosticextensionsd,
    ndoagent,
    lockdownmoded,
    financed,
    AudioComponentRegistrar,
    sociallayerd,
    "com.apple.dock.extra",
    replayd,
    fontd,
    linkd,
    syncdefaultsd,
    callservicesd,
    VTDecoderXPCService,
    accountsd,
    identityservicesd,
    donotdisturbd,
    AMPDeviceDiscoveryAgent,
    ContinuityCaptureAgent,
    WallpaperVideoExtension,
    tccd,
    extensionkitservice,
    secd,
    bird,
    imklaunchagent,
    CoreLocationAgent,
    ViewBridgeAuxiliary,
    calaccessd,
    iconservicesagent,
    dmd,
    siriactionsd,
    WallpaperAgent,
    routined,
    APFSUserAgent,
    rapportd,
    lockoutagent,
    usernoted,
    nsurlsessiond,
    SystemUIServer,
    ControlCenter,
    talagent,
    CommCenter,
    Dock,
    WindowManager,
    sharedfilelistd,
    usernotificationsd,
    Safari,
    pboard,
    audioaccessoryd,
    UserEventAgent,
    universalaccessd,
    CoreServicesUIAgent,
    fileproviderd,
    fileproviderd,
    loginwindow,
    "com.apple.iCloudHelper",
    mdworker,
    "com.apple.ifdreader",
    lskdd,
    MTLCompilerService,
    PodcastContentService,
    sysdiagnosed,
    trustd,
    trustd,
    trustd,
    trustd,
    trustd,
    trustd,
    trustd,
    distnoted,
    ANEStorageMaintainer,
    XProtect,
    ANEStorageMaintainer,
    "com.apple.CloudPhotosConfiguration",
    "com.apple.BKAgentService",
    GameControllerConfigService,
    "logd_reporter",
    microstackshot,
    "periodic-wrapper",
    "periodic-wrapper",
    dprivacyd,
    griddatad,
    ospredictiond,
    "com.apple.geod",
    ANECompilerService,
    accessoryd,
    StandaloneUpdaterDaemon,
    sharedfilelistd,
    XprotectService,
    "package_script_service",
    "com.apple.siri-distributed-evaluation",
    ReportCrash,
    "STExtractionService.privileged",
    ASConfigurationSubscriber,
    ManagedConfigurationFilesSubscriber,
    ManagementTestSubscriber,
    SoftwareUpdateSubscriber,
    AccountSubscriber,
    PasscodeSettingsSubscriber,
    LegacyProfilesSubscriber,
    ScreenSharingSubscriber,
    InteractiveLegacyProfilesSubscriber,
    installcoordinationd,
    SecuritySubscriber,
    "com.apple.accessibility.mediaaccessibilityd",
    "com.apple.accessibility.mediaaccessibilityd",
    cfprefsd,
    "com.apple.hiservices-xpcservice",
    nsattributedstringagent,
    "com.apple.NRD.UpdateBrainService",
    MTLCompilerService,
    NRDUpdated,
    distnoted,
    remotemanagementd,
    mmaintenanced,
    writeconfig,
    AssetCacheLocatorService,
    "com.apple.DictionaryServiceHelper",
    "com.apple.geod",
    IMDPersistenceAgent,
    ctkd,
    ContextService,
    coreauthd,
    "com.apple.hiservices-xpcservice",
    secinitd,
    containermanagerd,
    secd,
    csnameddatad,
    lsd,
    pkd,
    cfprefsd,
    mdbulkimport,
    distnoted,
    MTLCompilerService,
    MTLCompilerService,
    iconservicesagent,
    distnoted,
    audioanalyticsd,
    audiomxd,
    fairplaydeviceidentityd,
    tzd,
    "com.apple.audio.SandboxHelper",
    containermanagerd,
    mdworker,
    mdworker,
    mdbulkimport,
    containermanagerd,
    csnameddatad,
    lsd,
    pkd,
    cfprefsd,
    mdbulkimport,
    distnoted,
    CrashReporterSupportHelper,
    powerdatad,
    fbahelperd,
    ASPCarryLog,
    "com.apple.StreamingUnzipService.privileged",
    liquiddetectiond,
    "triald_system",
    siriinferenced,
    SubmitDiagInfo,
    spindump,
    ctkahp,
    akd,
    systemstats,
    sysmond,
    "com.apple.hiservices-xpcservice",
    RemotePairingDataVaultHelper,
    remotepairingd,
    nesessionmanager,
    distnoted,
    "online-auth-agent",
    distnoted,
    "com.apple.accessibility.mediaaccessibilityd",
    CVMServer,
    nfcd,
    mdbulkimport,
    "com.apple.AppStoreDaemon.StorePrivilegedTaskService",
    fairplayd,
    aned,
    installd,
    AssetCacheTetheratorService,
    "system_installd",
    cloudd,
    aneuserd,
    distnoted,
    "com.apple.MobileInstallationHelperService",
    appinstalld,
    IOUserBluetoothSerialDriver,
    IOUserBluetoothSerialDriver,
    AssetCache,
    postgres,
    postgres,
    postgres,
    coresymbolicationd,
    postgres,
    postgres,
    wifivelocityd,
    "deleted_helper",
    captiveagent,
    IMDPersistenceAgent,
    ctkd,
    postgres,
    "com.apple.CloudPhotosConfiguration",
    adid,
    suhelperd,
    automountd,
    "com.apple.geod",
    wallpaperexportd,
    idleassetsd,
    ContextService,
    systemsoundserverd,
    nearbyd,
    ctkd,
    XProtectBridgeService,
    awdd,
    coreauthd,
    TrustedPeersHelper,
    gamecontrollerd,
    seld,
    pkd,
    filecoordinationd,
    containermanagerd,
    "com.apple.hiservices-xpcservice",
    secinitd,
    distnoted,
    mobileactivationd,
    csnameddatad,
    findmydeviced,
    lsd,
    corekdld,
    containermanagerd,
    cfprefsd,
    distnoted,
    "securityd_service",
    cfprefsd,
    secinitd,
    coreauthd,
    "com.apple.geod",
    distnoted,
    GSSCred,
    distnoted,
    "com.apple.AccountPolicyHelper",
    "com.apple.MobileSoftwareUpdate.UpdateBrainService",
    wifianalyticsd,
    bootinstalld,
    xpcroleaccountd,
    distnoted,
    "symptomsd-diag",
    rtcreportingd,
    searchpartyd,
    "com.apple.AppleUserHIDDrivers",
    "com.apple.DriverKit-IOUserDockChannelSerial",
    distnoted,
    "com.apple.MobileSoftwareUpdate.CleanupPreparePathService",
    countryd,
    containermanagerd,
    UVCAssistant,
    appleh13camerad,
    ZhuGeService,
    cfprefsd,
    secinitd,
    "com.apple.geod",
    distnoted,
    softwareupdated,
    oahd,
    audioclocksyncd,
    osanalyticshelper,
    "com.apple.audio.DriverHelper",
    mDNSResponderHelper,
    postgres,
    mysqld,
    "com.apple.audio.SandboxHelper",
    AudioComponentRegistrar,
    WiFiCloudAssetsXPCService,
    mDNSResponder,
    gamepolicyd,
    findmybeaconingd,
    WirelessRadioManagerd,
    appleeventsd,
    syspolicyd,
    "com.apple.audio.Core-Audio-Driver-Service.helper",
    wifip2pd,
    storagekitd,
    "securityd_system",
    "com.apple.CodeSigningHelper",
    "mds_stores",
    backupd,
    PerfPowerTelemetryClientRegistrationService,
    usbd,
    "backupd-helper",
    sysextd,
    XProtectPluginService,
    distnoted,
    mobileassetd,
    backgroundtaskmanagementd,
    colorsyncd,
    symptomsd,
    "com.apple.ColorSyncXPCAgent",
    "colorsync.displayservices",
    PlugInLibraryService,
    TouchBarServer,
    cryptexd,
    softwareupdated,
    iconservicesd,
    analyticsd,
    "containermanagerd_system",
    biomed,
    distnoted,
    distnoted,
    nsurlsessiond,
    nehelper,
    secinitd,
    apfsd,
    biometrickitd,
    locationd,
    distnoted,
    trustdFileHelper,
    csnameddatad,
    authd,
    systemstatusd,
    hidd,
    contextstored,
    coreaudiod,
    PowerUIAgent,
    airportd,
    runningboardd,
    coreservicesd,
    distnoted,
    usbmuxd,
    timed,
    lsd,
    aslmanager,
    tccd,
    WindowServer,
    cfprefsd,
    "logd_helper",
    "IOMFB_bics_daemon",
    revisiond,
    coreduetd,
    systemstats,
    dirhelper,
    syslogd,
    endpointsecurityd,
    dasd,
    "com.apple.cmio.registerassistantservice",
    usermanagerd,
    mediaremoted,
    launchservicesd,
    PerfPowerServices,
    mds,
    bluetoothd,
    AppleCredentialManagerDaemon,
    autofsd,
    notifyd,
    opendirectoryd,
    securityd,
    KernelEventAgent,
    corebrightnessd,
    thermalmonitord,
    apsd,
    AirPlayXPCHelper,
    diskarbitrationd,
    sandboxd,
    logind,
    kernelmanagerd,
    smd,
    watchdogd,
    keybagd,
    fseventsd,
    logd,
    UserEventAgent,
    remoted,
    amfid,
    uninstalld,
    powerd,
    configd,
    launchd,
    ""
)
2024/04/24 12:12:06:350  -[SEBController startProcessWatcher]
2024/04/24 12:12:06:350  -[SEBController startWindowWatcher]
2024/04/24 12:12:06:350  -[SEBController didFinishLaunchingWithSettingsProcessesChecked] openMainBrowserWindow
2024/04/24 12:12:06:350  -[SEBController startExamWithFallback:]
2024/04/24 12:12:06:350  NSHTTPCookieAcceptPolicyOnlyFromMainDocumentDomain
2024/04/24 12:12:06:351  Open MainBrowserWindow with browserViewMode: 1
2024/04/24 12:12:06:351  Open MainBrowserWindow with start URL: https://edki.gov.ua/
2024/04/24 12:12:06:385  BrowserWindow <SEBBrowserWindow: 0x157c5b510> did become key
2024/04/24 12:12:06:385  BrowserWindow <SEBBrowserWindow: 0x157c5b510> did become main
2024/04/24 12:12:06:385  Reinforcing the kiosk mode was requested
2024/04/24 12:12:06:385  -[SEBController switchKioskModeAppsAllowed:overrideShowMenuBar:] allowApps: 1 overrideShowMenuBar: 0
2024/04/24 12:12:06:385  -[SEBController startKioskModeThirdPartyAppsAllowed:overrideShowMenuBar:]
2024/04/24 12:12:06:386  NSApp setPresentationOptions: 332
2024/04/24 12:12:06:388  windowDidChangeScreen from previous <NSScreen: 0x600002a6c7e0> to <NSScreen: 0x600002a17120>, level 0
2024/04/24 12:12:06:388  -[SEBBrowserWindowController adjustWindowForScreen:moveBack:] newScreen: <NSScreen: 0x600002a17120> moveBack: 0 (previous screen: <NSScreen: 0x600002a6c7e0>)
2024/04/24 12:12:06:388  Usable screen frame (considering menu bar & SEB dock): {
    Height = 860;
    Width = 1440;
    X = 0;
    Y = 40;
}
2024/04/24 12:12:06:388  Adjusted window frame for new screen to: {
    Height = 860;
    Width = 1000;
    X = 440;
    Y = 40;
}
2024/04/24 12:12:06:388  -[SEBController adjustScreenLocking:] NSApplicationDidChangeScreenParametersNotification sender: NSConcreteNotification 0x600000ed14e0 {name = NSApplicationDidChangeScreenParametersNotification; object = <NSApplication: 0x157a211f0>}
2024/04/24 12:12:06:389  System model ID: MacBookPro17,1
2024/04/24 12:12:06:389  Current Settings: Maximum allowed displays: 1, use built-in display.
2024/04/24 12:12:06:389  Display (null) (ID 1) from vendor 1552 with Resolution 1440.000000 x 900.000000
 is built-in
 is main
 is not mirrored
 is not HW mirrored
 is not always mirrored
2024/04/24 12:12:06:389  Display (null) (ID 1) is claming to be built-in
2024/04/24 12:12:06:389  All available screens: (
    "<NSScreen: 0x600002a17120>"
)
2024/04/24 12:12:06:389  Use built-in option set, using display with ID 1
2024/04/24 12:12:06:389  Found matching screen (<NSScreen: 0x600002a17120>) for main display (ID 0)
2024/04/24 12:12:06:389  Move all browser windows to new main screen <NSScreen: 0x600002a17120>.
2024/04/24 12:12:06:390  Adjusting screen locking
2024/04/24 12:12:06:390  -[SEBController closeCoveringWindows:]: (
    "<NSWindow: 0x157a45870>"
)
2024/04/24 12:12:06:390  [SEBDockController adjustDock]
2024/04/24 12:12:06:390  -[SEBController adjustModalAlertWindowLevels:] allowSwitchToThirdPartyApps: 1
2024/04/24 12:12:06:390  About window displayed
2024/04/24 12:12:06:390  -[SEBController changeWindowLevels:] allowApps: 1
2024/04/24 12:12:06:391  -[SEBOSXBrowserController browserWindowsChangeLevelAllowApps:] allowApps: 1
2024/04/24 12:12:06:391  -[SEBOSXBrowserController setLevelForBrowserWindow:elevateLevels:] browserWindow: (null) elevateLevels: 0
2024/04/24 12:12:06:391  -[SEBController adjustModalAlertWindowLevels:] allowSwitchToThirdPartyApps: 0
2024/04/24 12:12:06:391  About window displayed
2024/04/24 12:12:06:391  -[SEBController closeCoveringWindows:]: (
)
2024/04/24 12:12:06:391  requestedReinforceKioskMode: Reopening cap windows.
2024/04/24 12:12:06:392  -[SEBController coverScreens] Open background windows on all available screens
2024/04/24 12:12:06:393  Screen is active, device description: {
    NSDeviceBitsPerSample = 8;
    NSDeviceColorSpaceName = NSCalibratedRGBColorSpace;
    NSDeviceIsScreen = YES;
    NSDeviceResolution = "NSSize: {144, 144}";
    NSDeviceSize = "NSSize: {1440, 900}";
    NSScreenNumber = 1;
}
2024/04/24 12:12:06:393  Opening background covering window with frame {
    Height = 900;
    Width = 1440;
    X = 0;
    Y = 0;
} and window level 0
2024/04/24 12:12:06:394  Cap window <CapWindowController: 0x600003c7a0a0> init.
2024/04/24 12:12:06:395  -[SEBController setElevateWindowLevels]: true
2024/04/24 12:12:06:395  -[SEBController switchKioskModeAppsAllowed:overrideShowMenuBar:] allowApps: 0 overrideShowMenuBar: 0
2024/04/24 12:12:06:395  -[SEBController startKioskModeThirdPartyAppsAllowed:overrideShowMenuBar:]
2024/04/24 12:12:06:396  NSApp setPresentationOptions: 372
2024/04/24 12:12:06:397  windowDidChangeScreen from previous <NSScreen: 0x600002a17120> to <NSScreen: 0x600002a2fcc0>, level 0
2024/04/24 12:12:06:397  -[SEBBrowserWindowController adjustWindowForScreen:moveBack:] newScreen: <NSScreen: 0x600002a2fcc0> moveBack: 0 (previous screen: <NSScreen: 0x600002a17120>)
2024/04/24 12:12:06:397  Usable screen frame (considering menu bar & SEB dock): {
    Height = 860;
    Width = 1440;
    X = 0;
    Y = 40;
}
2024/04/24 12:12:06:398  Adjusted window frame for new screen to: {
    Height = 860;
    Width = 1000;
    X = 440;
    Y = 40;
}
2024/04/24 12:12:06:398  -[SEBController adjustScreenLocking:] NSApplicationDidChangeScreenParametersNotification sender: NSConcreteNotification 0x600000ee2940 {name = NSApplicationDidChangeScreenParametersNotification; object = <NSApplication: 0x157a211f0>}
2024/04/24 12:12:06:398  System model ID: MacBookPro17,1
2024/04/24 12:12:06:399  Current Settings: Maximum allowed displays: 1, use built-in display.
2024/04/24 12:12:06:399  Display (null) (ID 1) from vendor 1552 with Resolution 1440.000000 x 900.000000
 is built-in
 is main
 is not mirrored
 is not HW mirrored
 is not always mirrored
2024/04/24 12:12:06:399  Display (null) (ID 1) is claming to be built-in
2024/04/24 12:12:06:399  All available screens: (
    "<NSScreen: 0x600002a2fcc0>"
)
2024/04/24 12:12:06:399  Use built-in option set, using display with ID 1
2024/04/24 12:12:06:399  Found matching screen (<NSScreen: 0x600002a2fcc0>) for main display (ID 0)
2024/04/24 12:12:06:399  Move all browser windows to new main screen <NSScreen: 0x600002a2fcc0>.
2024/04/24 12:12:06:399  Adjusting screen locking
2024/04/24 12:12:06:399  -[SEBController closeCoveringWindows:]: (
    "<NSWindow: 0x106507860>"
)
2024/04/24 12:12:06:401  [SEBDockController adjustDock]
2024/04/24 12:12:06:401  -[SEBController adjustModalAlertWindowLevels:] allowSwitchToThirdPartyApps: 0
2024/04/24 12:12:06:401  About window displayed
2024/04/24 12:12:06:401  -[SEBController changeWindowLevels:] allowApps: 0
2024/04/24 12:12:06:401  -[SEBOSXBrowserController browserWindowsChangeLevelAllowApps:] allowApps: 0
2024/04/24 12:12:06:401  -[SEBOSXBrowserController setLevelForBrowserWindow:elevateLevels:] browserWindow: (null) elevateLevels: 1
2024/04/24 12:12:06:402  -[SEBController adjustModalAlertWindowLevels:] allowSwitchToThirdPartyApps: 0
2024/04/24 12:12:06:402  About window displayed
2024/04/24 12:12:06:404  BrowserWindow <SEBBrowserWindow: 0x157c5b510>: Title of current Page: Safe Exam Browser 3.3.2
2024/04/24 12:12:06:406  Opening classic WebView
2024/04/24 12:12:06:425  Default WebPreferences cacheModel: 2
2024/04/24 12:12:06:426  Testing if WebStorageManager respondsToSelector:@selector(_storageDirectoryPath)
2024/04/24 12:12:06:430  -[SEBOSXBrowserController setLevelForBrowserWindow:elevateLevels:] browserWindow: <SEBBrowserWindow: 0x157c5b510> elevateLevels: 1
2024/04/24 12:12:06:434  didStartProvisionalLoadForFrame request URL: https://edki.gov.ua/
2024/04/24 12:12:06:449  Set main browser window: <SEBBrowserWindow: 0x157c5b510>
2024/04/24 12:12:06:453  -[SEBLockedViewController appendErrorString:withTime:configKey:]: Secure session was started
 2024-04-24 12:12:06  
2024/04/24 12:12:06:457  -[SEBLockedViewController addLockedExam:configKey:]: Secure session was started
2024/04/24 12:12:06:458  Started application with bundle ID: com.apple.controlstrip
2024/04/24 12:12:06:494  Application UserNotificationCenter with bundle ID com.apple.UserNotificationCenter has opened a window with level 1000
2024/04/24 12:12:06:494  Check if application UserNotificationCenter (com.apple.UserNotificationCenter) is a signed system executable
2024/04/24 12:12:06:494  Evaluating code signature of /System/Library/CoreServices/UserNotificationCenter.app/Contents/MacOS/UserNotificationCenter
2024/04/24 12:12:06:498  Returned from checking code signature of executable /System/Library/CoreServices/UserNotificationCenter.app/Contents/MacOS/UserNotificationCenter with status 0
2024/04/24 12:12:06:498  Code signature of /System/Library/CoreServices/UserNotificationCenter.app/Contents/MacOS/UserNotificationCenter was checked and it positively identifies macOS system software.
2024/04/24 12:12:06:498  Yes, application UserNotificationCenter (com.apple.UserNotificationCenter) is a signed system executable
2024/04/24 12:12:06:498  Application Window Server with bundle ID (null) has opened a window with level 2147483630
2024/04/24 12:12:06:498  Check if application Window Server ((null)) is a signed system executable
2024/04/24 12:12:06:498  Evaluating code signature of /System/Library/PrivateFrameworks/SkyLight.framework/Versions/A/Resources/WindowServer
2024/04/24 12:12:06:501  Returned from checking code signature of executable /System/Library/PrivateFrameworks/SkyLight.framework/Versions/A/Resources/WindowServer with status 0
2024/04/24 12:12:06:501  Code signature of /System/Library/PrivateFrameworks/SkyLight.framework/Versions/A/Resources/WindowServer was checked and it positively identifies macOS system software.
2024/04/24 12:12:06:501  Yes, application Window Server ((null)) is a signed system executable
2024/04/24 12:12:06:501  Application TextInputSwitcher with bundle ID com.apple.TextInputSwitcher has opened a window with level 2147483628
2024/04/24 12:12:06:501  Check if application TextInputSwitcher (com.apple.TextInputSwitcher) is a signed system executable
2024/04/24 12:12:06:501  Evaluating code signature of /System/Library/CoreServices/TextInputSwitcher.app/Contents/MacOS/TextInputSwitcher
2024/04/24 12:12:06:505  Returned from checking code signature of executable /System/Library/CoreServices/TextInputSwitcher.app/Contents/MacOS/TextInputSwitcher with status 0
2024/04/24 12:12:06:505  Code signature of /System/Library/CoreServices/TextInputSwitcher.app/Contents/MacOS/TextInputSwitcher was checked and it positively identifies macOS system software.
2024/04/24 12:12:06:505  Yes, application TextInputSwitcher (com.apple.TextInputSwitcher) is a signed system executable
2024/04/24 12:12:06:505  Application Notification Centre with bundle ID com.apple.notificationcenterui has opened a window with level 1000
2024/04/24 12:12:06:505  Check if application Notification Centre (com.apple.notificationcenterui) is a signed system executable
2024/04/24 12:12:06:505  Evaluating code signature of /System/Library/CoreServices/NotificationCenter.app/Contents/MacOS/NotificationCenter
2024/04/24 12:12:06:520  Returned from checking code signature of executable /System/Library/CoreServices/NotificationCenter.app/Contents/MacOS/NotificationCenter with status 0
2024/04/24 12:12:06:520  Code signature of /System/Library/CoreServices/NotificationCenter.app/Contents/MacOS/NotificationCenter was checked and it positively identifies macOS system software.
2024/04/24 12:12:06:520  Yes, application Notification Centre (com.apple.notificationcenterui) is a signed system executable
2024/04/24 12:12:06:520  Application loginwindow with bundle ID com.apple.loginwindow has opened a window with level 1000
2024/04/24 12:12:06:520  Check if application loginwindow (com.apple.loginwindow) is a signed system executable
2024/04/24 12:12:06:520  Evaluating code signature of /System/Library/CoreServices/loginwindow.app/Contents/MacOS/loginwindow
2024/04/24 12:12:06:528  Returned from checking code signature of executable /System/Library/CoreServices/loginwindow.app/Contents/MacOS/loginwindow with status 0
2024/04/24 12:12:06:528  Code signature of /System/Library/CoreServices/loginwindow.app/Contents/MacOS/loginwindow was checked and it positively identifies macOS system software.
2024/04/24 12:12:06:528  Yes, application loginwindow (com.apple.loginwindow) is a signed system executable
2024/04/24 12:12:06:528  Application Finder with bundle ID com.apple.finder has opened a window with level 1000
2024/04/24 12:12:06:528  Application Finder is being force terminated because it displayed a window in the foreground and this might be used for previewing files!
2024/04/24 12:12:06:528  Successfully terminated application/process: {
    URL = "file:///System/Library/CoreServices/Finder.app/";
    bundleID = "com.apple.finder";
    name = Finder;
}
2024/04/24 12:12:06:528  Check if application Finder (com.apple.finder) is a signed system executable
2024/04/24 12:12:06:528  Evaluating code signature of 
2024/04/24 12:12:06:528  Couldn't obtain certificate info from executable 
2024/04/24 12:12:06:528  First scan, don't terminate application Finder (com.apple.finder)
2024/04/24 12:12:06:613  Started application with bundle ID: com.apple.quicklook.QuickLookUIService
2024/04/24 12:12:06:645  Started application with bundle ID: com.apple.finder
2024/04/24 12:12:06:648  Regain active status after NSWorkspaceDidActivateApplicationNotification
2024/04/24 12:12:06:653  Active window: <SEBBrowserWindow: 0x157c5b510>
2024/04/24 12:12:06:653  isActive property of SEB changed!
2024/04/24 12:12:06:654  Regain active status after (null)
2024/04/24 12:12:06:655  Active window: <SEBBrowserWindow: 0x157c5b510>
2024/04/24 12:12:06:657  BrowserWindow <SEBBrowserWindow: 0x157c5b510> did resign key
2024/04/24 12:12:06:657  Current key window: (null) with title (null)
2024/04/24 12:12:06:658  Regain active status after NSApplicationDidResignActiveNotification
2024/04/24 12:12:06:659  Active window: (null)
2024/04/24 12:12:06:660  isActive property of SEB changed!
2024/04/24 12:12:06:661  Regain active status after (null)
2024/04/24 12:12:06:661  Active window: (null)
2024/04/24 12:12:06:662  Regain active status after NSWorkspaceDidActivateApplicationNotification
2024/04/24 12:12:06:662  Active window: (null)
2024/04/24 12:12:06:663  BrowserWindow <SEBBrowserWindow: 0x157c5b510> did become main
2024/04/24 12:12:06:663  BrowserWindow <SEBBrowserWindow: 0x157c5b510> did become key
2024/04/24 12:12:06:664  SEB got active
2024/04/24 12:12:06:686  launched app localizedName: Finder, bundleID: com.apple.finder executableURL: file:///System/Library/CoreServices/Finder.app/Contents/MacOS/Finder
2024/04/24 12:12:06:788  Regain active status after NSWorkspaceDidUnhideApplicationNotification
2024/04/24 12:12:06:789  Active window: <SEBBrowserWindow: 0x157c5b510>
2024/04/24 12:12:07:072  Did receive title of current Page: Увійдіть або зареєструйтесь | edki
2024/04/24 12:12:07:074  BrowserWindow <SEBBrowserWindow: 0x157c5b510>: Title of current Page: Safe Exam Browser 3.3.2  —  Увійдіть або зареєструйтесь | edki
2024/04/24 12:12:07:192  Attempting to close About Window <AboutWindowController: 0x6000025c1880>
2024/04/24 12:12:07:625  webView: <SEBWebView: 0x157c20f30> didClearWindowObject: <DOMAbstractView: 0x600000edb340> forFrame: <WebFrame: 0x600000c2f0f0>
2024/04/24 12:12:07:949  Started application with bundle ID: com.apple.appkit.xpc.openAndSavePanelService
2024/04/24 12:12:08:043  Started application with bundle ID: com.apple.quicklook.QuickLookUIService
2024/04/24 12:12:08:097  BrowserWindow <SEBBrowserWindow: 0x157c5b510>: Title of current Page: Safe Exam Browser 3.3.2  —  Увійдіть або зареєструйтесь | edki
2024/04/24 12:12:08:458  -[SEBController performAfterStartActions:]
2024/04/24 12:12:08:458  Performing after start actions
2024/04/24 12:12:08:458  Reinforcing the kiosk mode was requested
2024/04/24 12:12:08:458  -[SEBController switchKioskModeAppsAllowed:overrideShowMenuBar:] allowApps: 1 overrideShowMenuBar: 0
2024/04/24 12:12:08:458  -[SEBController startKioskModeThirdPartyAppsAllowed:overrideShowMenuBar:]
2024/04/24 12:12:08:460  NSApp setPresentationOptions: 332
2024/04/24 12:12:08:461  windowDidChangeScreen from previous <NSScreen: 0x600002a2fcc0> to <NSScreen: 0x600002a776c0>, level 27
2024/04/24 12:12:08:461  -[SEBBrowserWindowController adjustWindowForScreen:moveBack:] newScreen: <NSScreen: 0x600002a776c0> moveBack: 0 (previous screen: <NSScreen: 0x600002a2fcc0>)
2024/04/24 12:12:08:463  Usable screen frame (considering menu bar & SEB dock): {
    Height = 860;
    Width = 1440;
    X = 0;
    Y = 40;
}
2024/04/24 12:12:08:463  Adjusted window frame for new screen to: {
    Height = 832;
    Width = 1440;
    X = 0;
    Y = 40;
}
2024/04/24 12:12:08:463  Sending notification that main screen changed
2024/04/24 12:12:08:463  [SEBDockController moveDockToScreen: <NSScreen: 0x600002a776c0>]
2024/04/24 12:12:08:464  -[SEBController adjustScreenLocking:] NSApplicationDidChangeScreenParametersNotification sender: NSConcreteNotification 0x600000ec2920 {name = NSApplicationDidChangeScreenParametersNotification; object = <NSApplication: 0x157a211f0>}
2024/04/24 12:12:08:465  System model ID: MacBookPro17,1
2024/04/24 12:12:08:465  Current Settings: Maximum allowed displays: 1, use built-in display.
2024/04/24 12:12:08:465  Display (null) (ID 1) from vendor 1552 with Resolution 1440.000000 x 900.000000
 is built-in
 is main
 is not mirrored
 is not HW mirrored
 is not always mirrored
2024/04/24 12:12:08:465  Display (null) (ID 1) is claming to be built-in
2024/04/24 12:12:08:465  All available screens: (
    "<NSScreen: 0x600002a776c0>"
)
2024/04/24 12:12:08:465  Use built-in option set, using display with ID 1
2024/04/24 12:12:08:465  Found matching screen (<NSScreen: 0x600002a776c0>) for main display (ID 0)
2024/04/24 12:12:08:465  Move all browser windows to new main screen <NSScreen: 0x600002a776c0>.
2024/04/24 12:12:08:466  Adjusting screen locking
2024/04/24 12:12:08:466  -[SEBController closeCoveringWindows:]: (
)
2024/04/24 12:12:08:466  -[SEBController coverScreens] Open background windows on all available screens
2024/04/24 12:12:08:466  Screen is active, device description: {
    NSDeviceBitsPerSample = 8;
    NSDeviceColorSpaceName = NSCalibratedRGBColorSpace;
    NSDeviceIsScreen = YES;
    NSDeviceResolution = "NSSize: {144, 144}";
    NSDeviceSize = "NSSize: {1440, 900}";
    NSScreenNumber = 1;
}
2024/04/24 12:12:08:466  Opening background covering window with frame {
    Height = 900;
    Width = 1440;
    X = 0;
    Y = 0;
} and window level 0
2024/04/24 12:12:08:468  Cap window <CapWindowController: 0x600003c71dd0> init.
2024/04/24 12:12:08:468  [SEBDockController adjustDock]
2024/04/24 12:12:08:479  -[SEBController adjustModalAlertWindowLevels:] allowSwitchToThirdPartyApps: 1
2024/04/24 12:12:08:479  -[SEBController changeWindowLevels:] allowApps: 1
2024/04/24 12:12:08:480  -[SEBOSXBrowserController browserWindowsChangeLevelAllowApps:] allowApps: 1
2024/04/24 12:12:08:480  -[SEBOSXBrowserController setLevelForBrowserWindow:elevateLevels:] browserWindow: <SEBBrowserWindow: 0x157c5b510> elevateLevels: 0
2024/04/24 12:12:08:481  -[SEBController adjustModalAlertWindowLevels:] allowSwitchToThirdPartyApps: 0
2024/04/24 12:12:08:481  -[SEBController closeCoveringWindows:]: (
    "<NSWindow: 0x135c7cc00>"
)
2024/04/24 12:12:08:481  requestedReinforceKioskMode: Reopening cap windows.
2024/04/24 12:12:08:482  -[SEBController coverScreens] Open background windows on all available screens
2024/04/24 12:12:08:484  Screen is active, device description: {
    NSDeviceBitsPerSample = 8;
    NSDeviceColorSpaceName = NSCalibratedRGBColorSpace;
    NSDeviceIsScreen = YES;
    NSDeviceResolution = "NSSize: {144, 144}";
    NSDeviceSize = "NSSize: {1440, 900}";
    NSScreenNumber = 1;
}
2024/04/24 12:12:08:484  Opening background covering window with frame {
    Height = 900;
    Width = 1440;
    X = 0;
    Y = 0;
} and window level 0
2024/04/24 12:12:08:485  Cap window <CapWindowController: 0x600003c71950> init.
2024/04/24 12:12:08:485  -[SEBController setElevateWindowLevels]: true
2024/04/24 12:12:08:487  -[SEBController switchKioskModeAppsAllowed:overrideShowMenuBar:] allowApps: 0 overrideShowMenuBar: 0
2024/04/24 12:12:08:487  -[SEBController startKioskModeThirdPartyAppsAllowed:overrideShowMenuBar:]
2024/04/24 12:12:08:487  NSApp setPresentationOptions: 372
2024/04/24 12:12:08:488  windowDidChangeScreen from previous <NSScreen: 0x600002a776c0> to <NSScreen: 0x600002a7bf00>, level 0
2024/04/24 12:12:08:488  -[SEBBrowserWindowController adjustWindowForScreen:moveBack:] newScreen: <NSScreen: 0x600002a7bf00> moveBack: 0 (previous screen: <NSScreen: 0x600002a776c0>)
2024/04/24 12:12:08:489  Usable screen frame (considering menu bar & SEB dock): {
    Height = 860;
    Width = 1440;
    X = 0;
    Y = 40;
}
2024/04/24 12:12:08:489  Adjusted window frame for new screen to: {
    Height = 860;
    Width = 1440;
    X = 0;
    Y = 40;
}
2024/04/24 12:12:08:489  Sending notification that main screen changed
2024/04/24 12:12:08:489  [SEBDockController moveDockToScreen: <NSScreen: 0x600002a7bf00>]
2024/04/24 12:12:08:489  -[SEBController adjustScreenLocking:] NSApplicationDidChangeScreenParametersNotification sender: NSConcreteNotification 0x600000eefe60 {name = NSApplicationDidChangeScreenParametersNotification; object = <NSApplication: 0x157a211f0>}
2024/04/24 12:12:08:490  System model ID: MacBookPro17,1
2024/04/24 12:12:08:490  Current Settings: Maximum allowed displays: 1, use built-in display.
2024/04/24 12:12:08:490  Display (null) (ID 1) from vendor 1552 with Resolution 1440.000000 x 900.000000
 is built-in
 is main
 is not mirrored
 is not HW mirrored
 is not always mirrored
2024/04/24 12:12:08:490  Display (null) (ID 1) is claming to be built-in
2024/04/24 12:12:08:490  All available screens: (
    "<NSScreen: 0x600002a7bf00>"
)
2024/04/24 12:12:08:490  Use built-in option set, using display with ID 1
2024/04/24 12:12:08:490  Found matching screen (<NSScreen: 0x600002a7bf00>) for main display (ID 0)
2024/04/24 12:12:08:490  Move all browser windows to new main screen <NSScreen: 0x600002a7bf00>.
2024/04/24 12:12:08:491  Adjusting screen locking
2024/04/24 12:12:08:491  -[SEBController closeCoveringWindows:]: (
    "<NSWindow: 0x157a6fc80>"
)
2024/04/24 12:12:08:491  -[SEBController coverScreens] Open background windows on all available screens
2024/04/24 12:12:08:491  Screen is active, device description: {
    NSDeviceBitsPerSample = 8;
    NSDeviceColorSpaceName = NSCalibratedRGBColorSpace;
    NSDeviceIsScreen = YES;
    NSDeviceResolution = "NSSize: {144, 144}";
    NSDeviceSize = "NSSize: {1440, 900}";
    NSScreenNumber = 1;
}
2024/04/24 12:12:08:491  Opening background covering window with frame {
    Height = 900;
    Width = 1440;
    X = 0;
    Y = 0;
} and window level 26
2024/04/24 12:12:08:492  Cap window <CapWindowController: 0x600003c71b90> init.
2024/04/24 12:12:08:493  [SEBDockController adjustDock]
2024/04/24 12:12:08:493  -[SEBController adjustModalAlertWindowLevels:] allowSwitchToThirdPartyApps: 0
2024/04/24 12:12:08:493  -[SEBController changeWindowLevels:] allowApps: 0
2024/04/24 12:12:08:493  -[SEBOSXBrowserController browserWindowsChangeLevelAllowApps:] allowApps: 0
2024/04/24 12:12:08:493  -[SEBOSXBrowserController setLevelForBrowserWindow:elevateLevels:] browserWindow: <SEBBrowserWindow: 0x157c5b510> elevateLevels: 1
2024/04/24 12:12:08:494  -[SEBController adjustModalAlertWindowLevels:] allowSwitchToThirdPartyApps: 0
2024/04/24 12:12:10:543  Started application with bundle ID: com.apple.DiagnosticsReporter
2024/04/24 12:12:11:024  BrowserWindow <SEBBrowserWindow: 0x157c5b510> did resign key
2024/04/24 12:12:11:024  Current key window: <SEBDockWindow: 0x157b6b490> with title 
2024/04/24 12:12:11:113  -[SEBController requestedQuit:]
2024/04/24 12:12:11:116  -[SEBController requestedQuit:] Displaying quit password alert
2024/04/24 12:12:11:116  -[SEBController showEnterPasswordDialogAttributedText:modalForWindow:windowTitle:] Not showing the dialog on a full screen browser window
2024/04/24 12:12:14:632  BrowserWindow <SEBBrowserWindow: 0x157c5b510> did become key
2024/04/24 12:12:14:636  BrowserWindow <SEBBrowserWindow: 0x157c5b510> did become main
2024/04/24 12:12:14:636  All modal alert windows (
    "<NSWindow: 0x135c1f550>"
)
2024/04/24 12:12:14:636  Removing modal alert window <NSWindow: 0x135c1f550>
2024/04/24 12:12:14:636  All modal alert windows after removing: (
)
2024/04/24 12:12:14:636  Correct quit password entered
2024/04/24 12:12:14:636  [SEBController quitSEBOrSession]
2024/04/24 12:12:14:652  -[SEBBrowserController resetAllCookies] Cookies, caches, credential stores and WKWebsiteDataTypes were reset
2024/04/24 12:12:14:652  -[SEBController applicationShouldTerminate:]: quttingMyself = true
2024/04/24 12:12:14:653  -[SEBController applicationWillTerminate:]
2024/04/24 12:12:14:654  Stopped media playback in browser window <SEBBrowserWindow: 0x157c5b510> with WebView <SEBAbstractWebView: 0x600002d0f2a0>
2024/04/24 12:12:14:654  Stopped media playback in browser window <SEBBrowserWindow: 0x157c5b510> with WebView <SEBAbstractWebView: 0x600002d0f2a0>
2024/04/24 12:12:14:658  BrowserWindow <SEBBrowserWindow: 0x157c5b510> will close
2024/04/24 12:12:14:658  WebView: (null) requests to be closed.
2024/04/24 12:12:14:659  BrowserWindow (null) did resign key
2024/04/24 12:12:14:659  Current key window: (null) with title (null)
2024/04/24 12:12:14:660  -[SEBLockedViewController removeLockedExam:configKey:]: Finished exam 
2024/04/24 12:12:14:660  -[SEBController applicationWillTerminateProceed]
2024/04/24 12:12:14:660  Success of restoring SC: 1
2024/04/24 12:12:14:660  -[SEBController stopWindowWatcher]
2024/04/24 12:12:14:660  -[SEBController stopProcessWatcher]
2024/04/24 12:12:14:660  Returned after stopProcessWatcher
2024/04/24 12:12:14:661  Returned after removeKeyPathObservers
2024/04/24 12:12:14:661  -[SEBController applicationWillTerminateProceed] CFRelease(keyboardEventReturnKey)
2024/04/24 12:12:14:690  Restored system settings. Restoring TouchBar settings (if available) failed
2024/04/24 12:12:14:690  Terminating TouchBarAgent <NSRunningApplication: 0x6000020bd600 (com.apple.controlstrip - 82328) LSASN:{hi=0x0;lo=0x863863}>
2024/04/24 12:12:14:690  These processes were terminated by SEB during this session: {(
    file:///System/Library/CoreServices/Finder.app/
)}
2024/04/24 12:12:14:690  Trying to restart terminated process with bundle URL /System/Library/CoreServices/Finder.app
2024/04/24 12:12:14:721  Adding modal alert window <_NSAlertPanel: 0x106547720>
2024/04/24 12:12:14:759  Regain active status after NSWorkspaceDidActivateApplicationNotification
2024/04/24 12:12:14:760  Active window: (null)
2024/04/24 12:12:14:760  isActive property of SEB changed!
2024/04/24 12:12:14:761  Regain active status after (null)
2024/04/24 12:12:14:761  Active window: (null)
2024/04/24 12:12:14:761  Regain active status after NSWorkspaceDidUnhideApplicationNotification
2024/04/24 12:12:14:762  Active window: (null)
2024/04/24 12:12:14:762  isActive property of SEB changed!
2024/04/24 12:12:14:762  Regain active status after (null)
2024/04/24 12:12:14:763  Active window: (null)
2024/04/24 12:12:14:764  Regain active status after NSWorkspaceDidActivateApplicationNotification
2024/04/24 12:12:14:764  Active window: (null)
2024/04/24 12:12:14:768  Regain active status after NSApplicationDidResignActiveNotification
2024/04/24 12:12:14:769  Active window: (null)
2024/04/24 12:12:14:777  SEB got active
2024/04/24 12:12:16:383  All modal alert windows (
    "<_NSAlertPanel: 0x106547720>"
)
2024/04/24 12:12:16:383  Removing modal alert window <_NSAlertPanel: 0x106547720>
2024/04/24 12:12:16:383  All modal alert windows after removing: (
)
2024/04/24 12:12:16:499  ---------- EXITING SEB - ENDING SESSION -------------
2024/04/24 12:12:16:499  -[AboutWindowController windowWillClose:] About SEB window will be closed.
